gameId,playId,playNumber,drive_id,offense,defense,fav_team,dog_team,is_dog_offense,n_prior_dog_pass_plays,n_prior_dog_rush_plays,n_prior_dog_explosive_pass,n_prior_dog_explosive_rush,had_dog_explosive_in_drive,playText
400852728,400852728102968101,11,40085272812,Mississippi State,NC State,,,,0,0,0,0,,"Dak Prescott run for no gain Dak Prescott fumbled, recovered by MisSt Justin Malone for a TD, (Westin Graves KICK)"
400869266,400869266103975001,10,40086926620,Akron,VMI,,,,0,0,0,0,,"Thomas Woodson pass complete to Jerome Lane for 14 yds for a TD Jerome Lane fumbled, recovered by Akron JoJo Natson for a TD, (Tom O'Leary KICK)"
400869073,400869073101905501,3,4008690734,Missouri,Arkansas,Arkansas,Missouri,True,0,2,0,1,True,"Ish Witter run for 7 yds Ish Witter fumbled, recovered by Misso J'Mon Moore for a TD, (Tucker McCann KICK)"
400935315,400935315103936901,9,40093531514,Stanford,Washington State,Stanford,Washington State,False,0,0,0,0,,"K.J. Costello run for a loss of 8 yards K.J. Costello fumbled, recovered by K.J. Costello run for 22 yds for a TD (Jet Toner KICK)"
401032080,401032080102887701,8,4010320806,Cincinnati,Virginia Tech,,,,0,0,0,0,,"Michael Warren II run for no gain Michael Warren II fumbled, forced by Dax Hollifield, recovered by Cincy Kahlil Lewis for a TD (Ryan Jones KICK)"
401035251,401035251104887101,10,40103525120,Stanford,Pittsburgh,Stanford,Pittsburgh,False,0,0,0,0,,"K.J. Costello run for 1 yd K.J. Costello fumbled, forced by Dewayne Hendrix, recovered by Stanf Cameron Scarlett for a TD (Jet Toner KICK)"
401019477,401019477102918601,6,4010194779,TCU,SMU,TCU,SMU,False,0,0,0,0,,"Sewo Olonilua run for 21 yds Sewo Olonilua fumbled, recovered by TCU Jaelan Austin for a TD, (Cole Bunce KICK)"
401019485,401019485104899801,12,40101948523,Cincinnati,Alabama A&M,,,,0,0,0,0,,"Tavion Thomas run for 3 yds Tavion Thomas fumbled, forced by Selmar Russell, recovered by Cincy Wilson Huber for a TD (Cole Smith KICK)"
401015002,401015002102867601,3,40101500210,Florida International,Arkansas-Pine Bluff,,,,0,0,0,0,,"James Morgan pass complete to Maurice Alexander for 20 yds for a TD Maurice Alexander fumbled, forced by A.C. Gilliam, recovered by FlaIn Austin Maloney  , return for 37 yds"
401012808,401012808101985501,9,4010128085,Illinois,Rutgers,Illinois,Rutgers,False,0,0,0,0,,"AJ Bush Jr. run for a loss of 1 yard AJ Bush Jr. fumbled, recovered by Illin AJ Bush Jr.  , return for 3 yds (Chase McLaughlin KICK)"
401020812,401020812104936501,2,40102081227,Miami (OH),Akron,Akron,Miami (OH),True,0,1,0,1,True,"Davion Johnson run for a loss of 1 yard Davion Johnson fumbled, forced by Josh Ward, recovered by MiaOh Jordan Rigg for a TD (Samuel Sloman KICK)"
401012302,401012302103989501,3,40101230216,Georgia,Vanderbilt,Georgia,Vanderbilt,False,0,0,0,0,,"Brian Herrien run for 11 yds Brian Herrien fumbled, forced by Jordan Griffin, recovered by Geo Brian Herrien  , return for 1 yd, (Rodrigo Blankenship KICK)"
401020760,401020760103997301,4,40102076021,Western Michigan,Bowling Green,Western Michigan,Bowling Green,False,0,0,0,0,,"Jon Wassink pass complete to Keishawn Watson for 36 yds for a TD Keishawn Watson fumbled, forced by Jerry McBride III, recovered by WMich Keishawn Watson  , return for 16 yds"
401012316,401012316103934601,5,40101231615,Auburn,Ole Miss,,,,0,0,0,0,,"JaTarvious Whitlow run for 54 yds JaTarvious Whitlow fumbled, forced by Jalen Julius, recovered by Aub Anthony Schwartz for a TD, (Anders Carlson KICK)"
401015019,401015019104907001,2,40101501925,Middle Tennessee,Charlotte,Middle Tennessee,Charlotte,False,0,0,0,0,,"Brent Stockstill pass complete to Gatlin Casey for 24 yds for a TD Gatlin Casey fumbled, forced by Nafees Lyon, recovered by MTnSt Gatlin Casey for a TD (Crews Holt KICK)"
401015032,401015032101876801,9,4010150321,Florida Atlantic,Florida International,Florida International,Florida Atlantic,True,2,5,1,1,True,"Devin Singletary run for 2 yds Devin Singletary fumbled, recovered by FlAtl Devin Singletary for a TD (Vladimir Rivas KICK)"
401012878,401012878104985801,10,40101287825,Maryland,Ohio State,Ohio State,Maryland,True,0,4,0,0,False,"Anthony McFarland run for no gain Anthony McFarland fumbled, recovered by Mary Chigoziem Okonkwo for a TD (Joseph Petrino KICK)"
401013183,401013183104984801,6,40101318326,Virginia Tech,Virginia,Virginia,Virginia Tech,True,2,0,1,0,True,"Steven Peoples run for 18 yds Steven Peoples fumbled, recovered by VTech Hezekiah Grimsley for a TD VIRGINIA Penalty, Defensive Offside ( Yards) to the Virg 3 for a 1ST down (Brian Johnson KICK)"
401056705,401056705102978101,6,40105670510,Alabama,Georgia,Alabama,Georgia,False,0,0,0,0,,"Josh Jacobs run for no gain Josh Jacobs fumbled, recovered by Alab Josh Jacobs for a TD (Joseph Bulovas KICK)"
401056699,401056699102884701,15,4010566998,UCF,Memphis,,,,0,0,0,0,,"Darriel Mack Jr. run for 5 yds Darriel Mack Jr. fumbled, forced by Sanchez Blake Jr., recovered by UCF Michael Colubiale for a TD (Matthew Wright KICK)"
401135267,401135267103878501,9,40113526716,App State,UAB,App State,UAB,False,0,0,0,0,,"Zac Thomas rush for no gain to the UAB 30,  Zac Thomas fumbled, recovered by AppSt Darrynton Evans for a TD Darrynton Evans run for 31 yds, (Chandler Staton KICK)"
401121971,401121971103904801,11,40112197112,South Alabama,Louisiana,Louisiana,South Alabama,True,1,6,1,1,True,"Jared Wilson run for 1 yd Jared Wilson fumbled, forced by Mekhi Garner, recovered by SAlab Kawaan Baker for a TD (Frankie Onate KICK)"
401212524,401212524103907701,13,40121252416,Tulane,UCF,UCF,Tulane,True,2,8,0,1,True,"Stephon Huderson run for 3 yds Stephon Huderson fumbled, forced by Richie Grant, recovered by Tulan Tyrick James for a TD (Merek Glover KICK)"
401234642,401234642102897301,9,40123464210,Wake Forest,North Carolina,North Carolina,Wake Forest,True,3,3,2,0,True,"Sam Hartman run for no gain Sam Hartman fumbled, forced by Patrice Rene, recovered by WFrst Sam Hartman for a TD (Nick Sciba KICK)"
401249867,401249867101924801,4,4012498675,Akron,Kent State,,,,0,0,0,0,,"Zach Gibson run for 3 yds Zach Gibson fumbled, forced by Dean Clark, recovered by Akron Xavior Gray for a TD (Cory Smigel KICK)"
401215340,401215340104854501,11,40121534023,UL Monroe,Louisiana,,,,0,0,0,0,,"Jeremy Hunt run for no gain Jeremy Hunt fumbled, forced by Kris Moncrief, recovered by LaMon Zach Rasmussen for a TD (Zach Elder PAT MISSED)"
401215338,401215338104909901,15,40121533818,Coastal Carolina,Texas State,,,,0,0,0,0,,"TEAM run for no gain TEAM fumbled, recovered by CCaro Baden Pinson  , return for 9 yds (Kieran Colahan KICK)"
401234655,401234655101926101,12,4012346552,NC State,Syracuse,NC State,Syracuse,False,0,0,0,0,,"Zonovan Knight run for 6 yds Zonovan Knight fumbled, forced by Ja'Had Carter, recovered by NCSt Zonovan Knight for a TD SYRACUSE Penalty, offside defense ( Yards) declined"
401265817,401265817102854601,11,4012658176,LSU,Alabama,,,,0,0,0,0,,"TJ Finley pass complete to Kayshon Boutte for 43 yds for a TD Kayshon Boutte fumbled, recovered by LSU Jontre Kirklin  , return for 1 yd, (Cade York KICK)"
401266789,401266789102998001,12,40126678910,Western Kentucky,Charlotte,Charlotte,Western Kentucky,True,4,4,0,1,True,"Gaej Walker run for 1 yd Gaej Walker fumbled, forced by Tyriq Harris, recovered by WKent Jordan Meredith for a TD, (Brayden Narveson KICK)"
401309605,401309605104966501,16,40130960528,Arkansas State,Washington,,,,0,0,0,0,,"Layne Hatcher sacked by Faatui Tuitele for a loss of 12 yards Layne Hatcher fumbled, recovered by Wash Bralen Trice , return for 0 yards for a TD (Peyton Henry KICK)"
401282111,401282111104854801,14,40128211120,Alabama,Tennessee,Alabama,Tennessee,False,0,0,0,0,,"Bryce Young run for 6 yds Bryce Young fumbled, forced by Jaylen McCollough, recovered by Alab Bryce Young for a TD, (Will Reichard KICK)"
401282144,401282144101954401,4,4012821445,Prairie View A&M,Texas A&M,,,,0,0,0,0,,"Jawon Pass sacked by Antonio Johnson for a loss of 8 yards Jawon Pass fumbled, recovered by TexAM Aaron Hansford , return for 0 yards for a TD (Seth Small KICK)"
401643823,401643823103996501,6,40164382314,South Alabama,Georgia Southern,South Alabama,Georgia Southern,False,0,0,0,0,,"Gio Lopez pass complete to Devin Voisin for 12 yds for a TD Devin Voisin fumbled, recovered by USA Jamaal Pritchett for a TD (Laith Marjan KICK)"
