pass_label,playType_unknown,gameId,playId,playId_is_negative,playNumber,period,clock,offense,defense,play_offenseScore,play_defenseScore,prev_non_pat_playType,prev_offense,prev_offenseScore,prev_defenseScore,next_non_pat_playType,delta_team_a_signed,delta_team_b_signed,abs_delta_total,playText,template_label,exception_reason
n10_initial,Punt,400756900,400756900102986201,0,7,2,1:37,Bethune-Cookman,Miami,0,31,Timeout,Bethune-Cookman,0.0,10.0,Punt,0.0,21.0,21.0,"Jonathan Cagle punt for 41 yds , Corn Elder returns for 72 yds for a TD, (Michael Badgley KICK)",,
n10_initial,Punt,400852683,400852683102914301,0,5,2,8:56,Georgia State,San José State,0,10,Rush,San José State,0.0,0.0,Rush,10.0,0.0,10.0,"Wil Lutz punt for 51 yds , Tyler Ervin returns for 85 yds for a TD, (Austin Lopez KICK)",,
n10_initial,Punt,400869028,400869028104855701,0,6,4,14:42,Tennessee,Alabama,10,42,Rush,Alabama,28.0,10.0,Pass Incompletion,14.0,0.0,14.0,"Trevor Daniel punt for 49 yds , Eddie Jackson returns for 79 yds for a TD, (Adam Griffith KICK)",,
n10_initial,Punt,400869059,400869059101916901,0,9,1,8:30,Louisiana,Georgia,0,14,End of Game,Georgia,35.0,21.0,Pass Interception Return,-21.0,-21.0,42.0,"Steven Coutts punt for 43 yds , Isaiah McKenzie returns for 82 yds for a TD, (Rodrigo Blankenship KICK)",,
n10_initial,Punt,400869283,400869283102968901,0,5,2,3:10,Miami (OH),Western Kentucky,0,14,Pass Reception,Western Kentucky,0.0,0.0,Pass Incompletion,14.0,0.0,14.0,"Justin Martin punt for 40 yds , Nacarius Fant returns for 48 yds for a TD, (Skyler Simcox KICK)",,
n10_initial,Punt,400938593,400938593102905301,0,9,2,9:46,Northwestern State,Louisiana Tech,7,17,Rush,Louisiana Tech,10.0,7.0,Field Goal Good,7.0,0.0,7.0,"Eric Piccione punt for 35 yds , Teddy Veal returns for 66 yds for a TD, (Jonathan Barnes KICK)",,
n10_initial,Punt,401012292,401012292101919701,0,5,1,8:2,Louisiana,Alabama,0,21,Blocked Punt,Louisiana,0.0,7.0,Rush,0.0,14.0,14.0,"Rhys Byrns punt for 39 yds , Jaylen Waddle returns for 63 yds for a TD (Joseph Bulovas KICK)",,
n10_initial,Punt,401013108,401013108102905001,0,6,2,9:49,Towson,Wake Forest,14,31,Rush,Wake Forest,21.0,14.0,Pass Reception,10.0,0.0,10.0,"Pat Toomey punt for 41 yds , Greg Dortch returns for 70 yds for a TD TOWSON Penalty, personal foul ( Yards) declined (Nick Sciba KICK)",,
n10_initial,Punt,401525877,401525877101879101,0,4,1,12:8,BYU,Texas,0,7,Pass Incompletion,Texas,0.0,0.0,Pass Reception,7.0,0.0,7.0,"Ryan Rehkow punt for 55 yds , Xavier Worthy returns for 74 yds for a TD (Bert Auburn KICK)",,
n10_initial,Punt,401643779,401643779103894601,0,6,3,10:53,Tulsa,Arkansas State,17,21,Timeout,Arkansas State,7.0,17.0,Rushing Touchdown,14.0,0.0,14.0,"Angus Davies punt for 58 yds , Courtney Jackson returns for 77 yds for a TD (Clune Van Andel KICK)",,
n10_initial,Fumble Recovery (Opponent),400757044,400757044103875301,0,5,3,12:46,Washington State,California,21,20,Rush,California,7.0,21.0,Pass Reception,13.0,0.0,13.0,"Zach Charme run for a loss of 4 yards, Zach Charme fumbled, forced by Tony Mekari, recovered by Cal Stefan McClure , return for 45 yds for a TD, (Matt Anderson KICK)",,
n10_initial,Fumble Recovery (Opponent),400760498,400760498102915101,0,7,2,8:48,Army,Tulane,7,21,Passing Touchdown,Tulane,14.0,7.0,Pass Incompletion,7.0,0.0,7.0,"Ahmad Bradshaw run for a loss of 2 yards Ahmad Bradshaw fumbled, forced by Tanzel Smart, recovered by Tulan Parry Nickerson  , return for 48 yds, (Andrew DiRocco KICK)",,
n10_initial,Fumble Recovery (Opponent),400763413,400763413103918501,0,2,3,8:14,Rice,Texas,14,35,Pass Incompletion,Texas,28.0,14.0,Rush,7.0,0.0,7.0,"Driphus Jackson run for a loss of 3 yards Driphus Jackson fumbled, recovered by Texas Malik Jefferson  , return for 26 yds, (Nick Rose KICK)",,
n10_initial,Fumble Recovery (Opponent),400787466,400787466103958001,0,2,3,4:19,Idaho,South Alabama,24,21,Pass Incompletion,Idaho,24.0,14.0,Rush,0.0,7.0,7.0,"Elijhaa Penny run for 1 yd Elijhaa Penny fumbled, forced by Blake Dees, recovered by SAlab Devon Earl  , return for 57 yds, (Aleem Sunanon KICK)",,
n10_initial,Fumble Recovery (Opponent),400935409,400935409103938901,0,5,3,6:10,Iowa,Wisconsin,14,24,Rush,Wisconsin,17.0,14.0,Punt,7.0,0.0,7.0,"TEAM run for a loss of 9 yards TEAM fumbled, recovered by Wisc Leon Jacobs  , return for 21 yds, (Rafael Gaglianone KICK)",,
n10_initial,Fumble Recovery (Opponent),400938642,400938642101919901,0,6,1,8:0,Rice,UTSA,0,7,Pass Reception,UTSA,0.0,0.0,Rush,7.0,0.0,7.0,"Sam Glaesmann run for a loss of 12 yards Sam Glaesmann fumbled, recovered by TexSA Marcus Davenport  , return for 34 yds, (Jared Sackett KICK)",,
n10_initial,Fumble Recovery (Opponent),400938658,400938658101879101,0,4,1,12:8,North Texas,UTEP,0,7,Pass Incompletion,UTEP,0.0,0.0,Rush,7.0,0.0,7.0,"Jeffery Wilson run for 6 yds Jeffery Wilson fumbled, forced by Alvin Jones, recovered by UTEP Kahani Smith  , return for 45 yds, (Jason Filley KICK)",,
n10_initial,Fumble Recovery (Opponent),400944863,400944863101954501,0,11,1,4:54,Texas State,Coastal Carolina,7,7,End of Game,Texas State,27.0,7.0,Pass Reception,-20.0,0.0,20.0,"Team run for a loss of 23 yards Team fumbled, recovered by CCaro Anthony Chesley  , return for 50 yds, (Evan Rabon KICK)",,
n10_initial,Fumble Recovery (Opponent),401236020,401236020104936701,0,4,4,6:32,Kansas State,Oklahoma State,12,20,Rush,Oklahoma State,13.0,12.0,Rush,7.0,0.0,7.0,"Will Howard run for 2 yds Will Howard fumbled, forced by Israel Antwine, recovered by OKSt Jason Taylor II  , return for 85 yds (Alex Hale KICK)",,
n10_initial,Fumble Recovery (Opponent),401237103,401237103101858201,0,3,1,14:17,Georgia,Tennessee,0,7,Pass Reception,Tennessee,21.0,44.0,Rush,-14.0,-44.0,58.0,"TEAM run for a loss of 30 yards TEAM fumbled, recovered by Tenn Kivon Bennett for a TD (Brent Cimaglia KICK)",,
n10_initial,Fumble Recovery (Own),400852728,400852728102968101,0,11,2,3:18,Mississippi State,NC State,28,14,End Period,NC State,0.0,14.0,Rush,14.0,14.0,28.0,"Dak Prescott run for no gain Dak Prescott fumbled, recovered by MisSt Justin Malone for a TD, (Westin Graves KICK)",,
n10_initial,Fumble Recovery (Own),401012316,401012316103934601,0,5,3,6:53,Auburn,Ole Miss,24,9,Pass Incompletion,Ole Miss,6.0,17.0,Rush,3.0,7.0,10.0,"JaTarvious Whitlow run for 54 yds JaTarvious Whitlow fumbled, forced by Jalen Julius, recovered by Aub Anthony Schwartz for a TD, (Anders Carlson KICK)",,
n10_initial,Fumble Recovery (Own),401013183,401013183104984801,0,6,4,1:51,Virginia Tech,Virginia,31,31,Rush,Virginia Tech,0.0,0.0,Pass Reception,31.0,31.0,62.0,"Steven Peoples run for 18 yds Steven Peoples fumbled, recovered by VTech Hezekiah Grimsley for a TD VIRGINIA Penalty, Defensive Offside ( Yards) to the Virg 3 for a 1ST down (Brian Johnson KICK)",,
n10_initial,Fumble Recovery (Own),401015019,401015019104907001,0,2,4,9:29,Middle Tennessee,Charlotte,21,6,Rush,Middle Tennessee,14.0,6.0,Pass Reception,7.0,0.0,7.0,"Brent Stockstill pass complete to Gatlin Casey for 24 yds for a TD Gatlin Casey fumbled, forced by Nafees Lyon, recovered by MTnSt Gatlin Casey for a TD (Crews Holt KICK)",,
n10_initial,Fumble Recovery (Own),401019485,401019485104899801,0,12,4,10:1,Cincinnati,Alabama A&M,63,7,Pass Reception,Alabama A&M,0.0,49.0,Rush,7.0,14.0,21.0,"Tavion Thomas run for 3 yds Tavion Thomas fumbled, forced by Selmar Russell, recovered by Cincy Wilson Huber for a TD (Cole Smith KICK)",,
n10_initial,Fumble Recovery (Own),401035251,401035251104887101,0,10,4,11:28,Stanford,Pittsburgh,14,13,Timeout,Pittsburgh,10.0,7.0,Field Goal Missed,3.0,7.0,10.0,"K.J. Costello run for 1 yd K.J. Costello fumbled, forced by Dewayne Hendrix, recovered by Stanf Cameron Scarlett for a TD (Jet Toner KICK)",,
n10_initial,Fumble Recovery (Own),401212524,401212524103907701,0,13,3,9:22,Tulane,UCF,21,37,Rush,UCF,24.0,14.0,Pass Incompletion,13.0,7.0,20.0,"Stephon Huderson run for 3 yds Stephon Huderson fumbled, forced by Richie Grant, recovered by Tulan Tyrick James for a TD (Merek Glover KICK)",,
n10_initial,Fumble Recovery (Own),401215340,401215340104854501,0,11,4,14:54,UL Monroe,Louisiana,20,56,Pass Incompletion,UL Monroe,14.0,56.0,Pass Reception,6.0,0.0,6.0,"Jeremy Hunt run for no gain Jeremy Hunt fumbled, forced by Kris Moncrief, recovered by LaMon Zach Rasmussen for a TD (Zach Elder PAT MISSED)",,
n10_initial,Fumble Recovery (Own),401234642,401234642102897301,0,9,2,10:26,Wake Forest,North Carolina,28,24,Rush,Wake Forest,0.0,0.0,Rushing Touchdown,28.0,24.0,52.0,"Sam Hartman run for no gain Sam Hartman fumbled, forced by Patrice Rene, recovered by WFrst Sam Hartman for a TD (Nick Sciba KICK)",,
n10_initial,Fumble Recovery (Own),401265817,401265817102854601,0,11,2,14:53,LSU,Alabama,7,21,Rush,LSU,17.0,55.0,Rush,-10.0,-34.0,44.0,"TJ Finley pass complete to Kayshon Boutte for 43 yds for a TD Kayshon Boutte fumbled, recovered by LSU Jontre Kirklin  , return for 1 yd, (Cade York KICK)",,
n10_initial,Uncategorized,401282608,-10832,0,4,1,8:53,Wake Forest,Old Dominion,7,0,Rush,Old Dominion,0.0,0.0,Rush,0.0,7.0,7.0,N.Sciba extra point is good.,,
n10_initial,Uncategorized,401282608,-10954,0,10,4,12:50,Wake Forest,Old Dominion,42,3,Pass Incompletion,Wake Forest,21.0,3.0,Passing Touchdown,21.0,0.0,21.0,N.Sciba extra point is good.,,
n10_initial,Uncategorized,401282610,-11473,0,6,4,7:44,Georgia Tech,Northern Illinois,14,14,Pass Incompletion,Georgia Tech,7.0,14.0,Punt,7.0,0.0,7.0,B.Cimaglia extra point is good.,,
n10_initial,Uncategorized,401308835,-20045,0,12,4,13:35,Central Michigan,Miami (OH),17,14,Uncategorized,Miami (OH),7.0,0.0,Field Goal Missed,7.0,17.0,24.0,M.Meeder extra point is good.,,
n10_initial,Uncategorized,401309643,-14357,0,6,4,14:56,Georgia State,Arkansas State,21,13,Interception,Arkansas State,13.0,14.0,Rush,0.0,7.0,7.0,N.Ruiz extra point is good.,,
n10_initial,Uncategorized,401414778,-4493,0,4,2,5:59,Tulane,Massachusetts,21,7,Interception,Massachusetts,7.0,14.0,Rush,0.0,7.0,7.0,K.Esnard extra point is good.,,
n10_initial,Uncategorized,401415015,-9863,0,5,3,12:17,Marshall,Norfolk State,45,0,Punt,Norfolk State,0.0,38.0,Timeout,0.0,7.0,7.0,R.Verhoff extra point is good.,,
n10_initial,Uncategorized,401415212,-4423,0,10,4,2:23,Texas State,Nevada,14,38,Pass Reception,Texas State,0.0,14.0,Rush,14.0,24.0,38.0,S.Keller extra point is good.,,
n10_initial,Uncategorized,401415610,-9479,0,2,1,7:17,UCF,South Carolina State,14,0,Rush,South Carolina State,0.0,7.0,Pass Incompletion,0.0,7.0,7.0,D.Obarski extra point is good.,,
n10_initial,Uncategorized,401635541,-1720,0,9,4,11:5,San Diego State,California,10,24,Rush,California,14.0,3.0,Field Goal Good,10.0,7.0,17.0,N.Lopez extra point is good.,,
n10_initial,Kickoff,400944905,400944905101854901,0,1,1,14:50,Western Michigan,Ball State,7,0,,,,,Kickoff,,,,"Derrick Mitchell kickoff for 63 yds , Justin Hall return for 16 yds Justin Hall fumbled, forced by Alex Grace, recovered by WMich Obbie Jackson  , return for 21 yds, (Josh Grant KICK)",,
n10_initial,Kickoff,401012352,401012352101996701,0,1,1,0:32,Georgia,Georgia Tech,14,7,Kickoff,Georgia,21.0,7.0,Rush,-7.0,0.0,7.0,"Rodrigo Blankenship kickoff for 65 yds , Juanyeh Thomas return for 100 yds for a TD (Wesley Wells KICK)",,
n10_initial,Kickoff,401012746,401012746102899801,0,1,2,10:1,Idaho State,California,3,21,Kickoff,California,14.0,0.0,Kickoff,7.0,3.0,10.0,"Campbell Sheidow kickoff for 54 yds , Ashtyn Davis return for 89 yds for a TD (Greg Thomas KICK)",,
n10_initial,Kickoff,401013360,401013360101855201,0,1,1,14:47,Charlotte,Massachusetts,0,7,,,,,Kickoff,,,,"Jonathan Cruz kickoff for 58 yds , Marquis Young return for 93 yds for a TD (Mike Caggiano KICK)",,
n10_initial,Kickoff,401112208,401112208101855001,0,1,1,14:49,Maryland,Michigan,0,7,,,,,Kickoff,,,,"Joseph Petrino kickoff for 62 yds , Giles Jackson return for 97 yds for a TD (Jake Moody KICK)",,
n10_initial,Kickoff,401121974,401121974102924201,0,1,2,7:57,Georgia Southern,Arkansas State,10,28,Kickoff,Georgia Southern,19.0,35.0,Kickoff,-9.0,-7.0,16.0,"Tyler Bass kickoff for 59 yds , Kirk Merritt return for 94 yds for a TD (Blake Grupe KICK)",,
n10_initial,Kickoff,401212476,401212476103996301,0,1,3,0:36,South Florida,Cincinnati,7,28,Kickoff,Cincinnati,21.0,0.0,Kickoff,7.0,7.0,14.0,"Kenny Scribner kickoff for 62 yds , Tre Tucker return for 97 yds for a TD (Cole Smith KICK)",,
n10_initial,Kickoff,401249013,401249013101956601,0,1,1,4:33,Fresno State,Utah State,7,13,Kickoff,Utah State,6.0,0.0,Kickoff,7.0,7.0,14.0,"Asa Fuller kickoff for 59 yds , Savon Scarver return for 94 yds for a TD (Connor Coles KICK)",,
n10_initial,Kickoff,401249429,401249429101855201,0,1,1,14:47,Arizona,Arizona State,0,7,Pass Reception,Arizona,7.0,63.0,Rush,-7.0,-56.0,63.0,"Lucas Havrisik kickoff for 65 yds , D.J. Taylor return for 100 yds for a TD, (Christian Zendejas KICK)",,
n10_initial,Kickoff,401301047,401301047104916601,0,1,4,8:33,East Carolina,Navy,27,35,Kickoff,Navy,28.0,24.0,Kickoff,7.0,3.0,10.0,"Owen Daffer kickoff for 63 yds , Maquel Haywood return for 98 yds for a TD (Bijan Nichols KICK)",,
n10_initial,Blocked Punt,400763500,400763500102974201,0,5,2,2:57,Western Illinois,Illinois,0,27,Rush,Illinois,17.0,0.0,Pass Reception,10.0,0.0,10.0,"TEAM punt blocked by blocked by  Marchie Murdock return for 12 yds for a TD, (Taylor Zalewski KICK)",,
n10_initial,Blocked Punt,400787322,400787322102927501,0,5,2,7:24,Eastern Michigan,Akron,14,30,Pass Incompletion,Akron,21.0,14.0,Rush,9.0,0.0,9.0,TEAM punt blocked by Andrew Hauser for a SAFETY blocked by Andrew Hauser for a SAFETY for a SAFETY,,
n10_initial,Blocked Punt,400852681,400852681101909401,0,4,1,9:5,Florida,Alabama,0,2,Rush,Florida,0.0,0.0,Pass Reception,0.0,2.0,2.0,TEAM punt blocked by Keith Holcombe for a SAFETY,,
n10_initial,Blocked Punt,400945268,400945268102939101,0,7,2,6:8,Colorado State,Utah State,24,7,Rush,Colorado State,17.0,0.0,Pass Incompletion,7.0,7.0,14.0,"Ryan Stonehouse punt blocked by DJ Nelson blocked by DJ Nelson  DJ Nelson return for 20 yds for a TD, (Dominik Eberle KICK)",,
n10_initial,Blocked Punt,400945298,400945298101989301,0,7,1,1:6,San José State,Nevada,7,14,Rush,Nevada,0.0,7.0,Rush,14.0,0.0,14.0,"Michael Carrizosa punt blocked by Wyatt Demps blocked by Wyatt Demps  Dameon Baber return for 6 yds for a TD, (Spencer Pettit KICK)",,
n10_initial,Blocked Punt,401013034,401013034102977501,0,4,2,2:24,Oklahoma State,Baylor,10,14,Pass Reception,Baylor,7.0,10.0,Pass Reception,7.0,0.0,7.0,TEAM punt blocked by blocked by  Trestan Ebner return for 7 yds for a TD Drew Galitz kickoff for 3 yds for a touchback Taylor Cornelius pass complete to Tyron Johnson for 11 yds to the OKSt 36 for ...,,
n10_initial,Blocked Punt,401013065,401013065101936501,0,5,1,6:34,Florida Atlantic,Oklahoma,0,14,Rush,Oklahoma,0.0,0.0,Penalty,14.0,0.0,14.0,Sebastian Riella punt blocked by Lee Morris blocked by Lee Morris  Curtis Bolton return for no gain for a TD (Austin Seibert KICK),,
n10_initial,Blocked Punt,401021685,401021685104896201,0,4,4,10:37,UL Monroe,Georgia Southern,41,25,Rush,Georgia Southern,18.0,41.0,Rush,7.0,0.0,7.0,Jared Porter punt blocked by NaJee Thompson blocked by NaJee Thompson  Benz Josue return for 5 yds for a TD (Tyler Bass KICK),,
n10_initial,Blocked Punt,401119279,401119279101874601,0,5,1,12:53,Ohio,Northern Illinois,0,7,Rush,Northern Illinois,36.0,36.0,Rush,-29.0,-36.0,65.0,"TEAM punt blocked by Corey Lersch blocked by Corey Lersch  Adam Buirge return for 3 yds for a TD, (John Richardson KICK)",,
n10_initial,Blocked Punt,401628326,401628326104934101,0,4,4,6:58,Eastern Kentucky,Mississippi State,7,49,Rush,Mississippi State,42.0,7.0,Rush,7.0,0.0,7.0,"punt blocked by JP Purvis blocked by JP Purvis for a TD , returns for no gain for a TD (Kyle Ferrie KICK)",,
n10_initial,Rush,400869612,400869612102855001,0,7,2,14:49,Oklahoma,UL Monroe,28,0,Punt,UL Monroe,0.0,21.0,Pass Reception,0.0,7.0,7.0,"Joe Mixon run for no gain Jarvis Baxter for a TD, (Austin Seibert KICK)",,
n10_initial,Rush,400938638,400938638105000227,0,9,5,0:0,Charlotte,UAB,25,24,Pass Incompletion,Charlotte,14.0,17.0,Rush,11.0,7.0,18.0,"Hasaan Klugh run for 1 yd for a TD Hasaan Klugh run for 1 yd for a TD, (Chris Montgomery pass  to Hasaan Klugh for Two-Point Conversion)",,
n10_initial,Rush,400941849,400941849101977601,0,6,1,2:23,UCF,South Florida,21,7,Field Goal Missed,South Florida,7.0,14.0,Pass Incompletion,0.0,7.0,7.0,"McKenzie Milton run for 5 yds Adrian Killins Jr. for a TD, (Matthew Wright KICK)",,
n10_initial,Rush,401019495,401019495105000214,0,9,5,0:0,Navy,SMU,30,23,Timeout,Navy,23.0,23.0,Rush,7.0,0.0,7.0,"Garret Lewis run for no gain to the SMU 1 Garret Lewis run for 1 yd for a TD, (Bennett Moehring KICK)",,
n10_initial,Rush,401022527,401022527105000297,0,3,5,0:0,San José State,Hawai'i,38,38,Rush,Hawai'i,31.0,31.0,Field Goal Missed,7.0,7.0,14.0,"Malike Roberson run for 13 yds for a TD Malike Roberson run for 13 yds for a TD, (Bryce Crawford KICK)",,
n10_initial,Rush,401121956,401121956105000223,0,6,5,0:0,Coastal Carolina,Georgia Southern,27,24,Rush,Coastal Carolina,17.0,24.0,Rush,10.0,0.0,10.0,Bryce Carpenter run for 4 yds to the GeoSo 8 Massimo Biscardi 25 yd FG GOOD,,
n10_initial,Rush,401282620,401282620101994601,0,7,1,0:53,App State,Miami,7,9,Penalty,Miami,7.0,7.0,Rush,2.0,0.0,2.0,"TEAM run for a loss of 26 yards for a SAFETY TEAM fumbled, recovered by AppSt",,
n10_initial,Rush,401300995,401300995104854401,0,6,4,14:55,Boise State,UCF,24,30,Pass Reception,UCF,21.0,24.0,Pass Reception,9.0,0.0,9.0,"TEAM run for a loss of 23 yards for a SAFETY TEAM fumbled, recovered by BoiSt",,
n10_initial,Rush,401415612,401415612103926001,0,4,3,7:39,South Florida,BYU,14,40,Rush,BYU,38.0,14.0,Pass Reception,2.0,0.0,2.0,"TEAM run for a loss of 14 yards for a SAFETY TEAM fumbled, recovered by SFla",,
n10_initial,Rush,401442030,401442030106340267,0,5,6,0:0,Kansas,Arkansas,53,53,Passing Touchdown,Kansas,45.0,38.0,Rush,8.0,15.0,23.0,"Jalon Daniels run for 2 yds for a TD Jalon Daniels run for 2 yds for a TD ARKANSAS Penalty, Personal Foul (2 Yards) to the Ark 1 Timeout ARKANSAS, clock 00:00 (Jalon Daniels pass  to Jared Casey fo...",,
n10_initial,Sack,400868963,400868963103889101,0,2,3,11:8,Massachusetts,Louisiana Tech,21,42,Rush,Louisiana Tech,28.0,21.0,Rush,14.0,0.0,14.0,"Andrew Ford sacked by Jaylon Ferguson for a loss of 7 yards Andrew Ford fumbled, recovered by LaTch Russell Farris , return for 0 yards , return for 19 yds, (Jonathan Barnes KICK)",,
n10_initial,Sack,400933898,400933898103947801,0,4,3,5:21,Florida,Georgia,0,35,Pass Reception,Georgia,21.0,0.0,Rush,14.0,0.0,14.0,"Feleipe Franks sacked by J.R. Reed for a loss of 20 yards Feleipe Franks fumbled, forced by J.R. Reed, recovered by Geo J.R. Reed , return for 0 yards , return for 3 yds, (Rodrigo Blankenship KICK)",,
n10_initial,Sack,400935267,400935267101955201,0,4,1,4:47,Boise State,Washington State,7,7,Rush,Washington State,0.0,7.0,Pass Incompletion,7.0,0.0,7.0,"Brett Rypien sacked by Hercules Mata'afa and Frankie Luvu for a loss of 13 yards Brett Rypien fumbled, recovered by WshSt Robert Taylor , return for 7 yds, (Erik Powell KICK)",,
n10_initial,Sack,401012263,401012263104999901,0,3,4,0:0,Florida,Kentucky,16,27,Timeout,Kentucky,21.0,16.0,Pass Reception,6.0,0.0,6.0,"Feleipe Franks sacked by Josh Allen for 0 yards Feleipe Franks fumbled, recovered by Kent Davonte Robinson , return for 0 yards , return for 30 yds",,
n10_initial,Sack,401012757,401012757102998101,0,3,2,0:18,California,Oregon,10,27,Pass Reception,Oregon,21.0,10.0,End of Half,6.0,0.0,6.0,"Brandon McIlwain sacked by Drayton Carlberg for a loss of 11 yards Brandon McIlwain fumbled, forced by Drayton Carlberg, recovered by Oregn La'Mar Winston Jr. , return for 0 yards , return for 61 yds",,
n10_initial,Sack,401013440,401013440102996201,0,1,2,0:37,UTEP,New Mexico State,10,17,Penalty,New Mexico State,10.0,10.0,Kickoff,7.0,0.0,7.0,"Kai Locksley sacked by Cedric Wilcots II for a loss of 6 yards Kai Locksley fumbled, recovered by NMxSt Malik Demby , return for 0 yards , return for 55 yds (Dylan Brown KICK)",,
n10_initial,Sack,401112472,401112472103985801,0,4,3,1:41,Virginia,Notre Dame,17,28,Pass Reception,Notre Dame,21.0,17.0,Pass Reception,7.0,0.0,7.0,"Bryce Perkins sacked by Julian Okwara for a loss of 9 yards Bryce Perkins fumbled, recovered by ND Adetokunbo Ogundeji , return for 23 yds for a TD. (Jonathan Doerer KICK)",,
n10_initial,Sack,401215320,401215320104926501,0,6,4,7:34,Arkansas State,Troy,10,31,Sack,Troy,24.0,10.0,Pass Incompletion,7.0,0.0,7.0,"Logan Bonner sacked by Richard Jibunor for a loss of 9 yards Logan Bonner fumbled, recovered by Troy Darrell Starling , return for 0 yards , return for 20 yds (Evan Legassey KICK)",,
n10_initial,Sack,401309649,401309649103925901,0,12,3,7:40,Troy,Georgia State,3,27,Pass Reception,Georgia State,7.0,0.0,Rushing Touchdown,20.0,3.0,23.0,Gunnar Watson sacked for 0 yards (Noel Ruiz KICK),,
n10_initial,Sack,401405144,401405144104999001,0,3,4,0:9,Maryland,Ohio State,30,43,Rush,Ohio State,33.0,30.0,End of Game,10.0,0.0,10.0,"Taulia Tagovailoa sacked by Zach Harrison for a loss of 8 yards Taulia Tagovailoa fumbled, recovered by OhSt Steele Chambers , return for 0 yards , return for 1 yd, (Noah Ruggles KICK)",,
n10_initial,Pass Reception,400757061,400757061105000262,0,7,5,0:0,Arizona State,Oregon,48,48,Pass Incompletion,Oregon,34.0,41.0,Field Goal Good,14.0,7.0,21.0,"Mike Bercovici pass complete to Tim White for 2 yds for a TD Mike Bercovici pass complete to Tim White for 2 yds for a TD Mike Bercovici pass complete to Tim White for 2 yds for a TD, (Zane Gonzale...",,
n10_initial,Pass Reception,400944993,400944993105000244,0,4,5,0:0,Western Michigan,Buffalo,38,38,Pass Incompletion,Buffalo,31.0,31.0,Rush,7.0,7.0,14.0,Jon Wassink pass complete to Donnie Ernsberger for 14 yds for a TD Jon Wassink pass complete to Donnie Ernsberger for 14 yds for a TD Jon Wassink pass complete to Donnie Ernsberger for 14 yds for a...,,
n10_initial,Pass Reception,401012276,401012276103999401,0,3,3,0:5,Kentucky,Murray State,34,3,Penalty,Murray State,3.0,27.0,Pass Reception,0.0,7.0,7.0,Benny Snell Jr. pass complete to Terry Wilson for a loss of 6 yards lat. to Zy'Aire Hughes for 49 yds for a TD (Miles Butler KICK),,
n10_initial,Pass Reception,401012356,401012356107000258,0,2,7,0:0,Texas A&M,LSU,49,49,Rush,Texas A&M,49.0,49.0,Rush,0.0,0.0,0.0,Kellen Mond pass complete to Kendrick Rogers for 25 yds for a TD (Kellen Mond pass  to Kendrick Rogers for Two-Point Conversion),,
n10_initial,Pass Reception,401121956,401121956105000202,0,1,5,0:0,Georgia Southern,Coastal Carolina,24,17,Rush,Georgia Southern,10.0,17.0,Rush,14.0,0.0,14.0,"Shai Werts pass complete to Mark Michaud for 25 yds for a TD Shai Werts pass complete to Mark Michaud for 25 yds for a TD Shai Werts pass complete to Mark Michaud for 25 yds for a TD, (Tyler Bass K...",,
n10_initial,Pass Reception,401247295,401247295105000235,0,5,5,0:0,Indiana,Penn State,36,35,Timeout,Penn State,28.0,28.0,Rush,7.0,8.0,15.0,Michael Penix Jr. pass complete to Whop Philyor for 9 yds for a TD Michael Penix Jr. pass complete to Whop Philyor for 9 yds for a TD Michael Penix Jr. pass complete to Whop Philyor for 9 yds for a...,,
n10_initial,Pass Reception,401282178,401282178104895501,0,1,4,10:44,UTEP,Bethune-Cookman,31,14,Kickoff,UTEP,24.0,14.0,Kickoff,7.0,0.0,7.0,Gavin Hardison pass complete to Justin Garrett for 8 yds for a TD pass incomplete (Gavin Baechle KICK),,
n10_initial,Pass Reception,401282204,401282204104917801,0,10,4,8:21,Middle Tennessee,Charlotte,32,35,Penalty,Middle Tennessee,17.0,14.0,Rush,15.0,21.0,36.0,Chase Cunningham pass complete to Jarrin Pierce for 16 yds for a TD pass incomplete to Jarrin Pierce (Chase Cunningham pass  to Jaylin Lane for Two-Point Conversion),,
n10_initial,Pass Reception,401282643,401282643105000230,0,9,5,0:0,NC State,Clemson,21,21,Rush,NC State,14.0,14.0,Punt,7.0,7.0,14.0,"Devin Leary pass complete to Thayer Thomas for 2 yds for a TD, (Christopher Dunn KICK)",,
n10_initial,Pass Reception,401287893,401287893104999901,0,2,4,0:0,Texas State,Baylor,22,27,Rush,Baylor,27.0,20.0,Pass Incompletion,0.0,2.0,2.0,Brady McBride pass complete for a SAFETY to Chandler Speights for 10 yds for a SAFETY,,
n10_initial,Kickoff Return (Offense),400756970,400756970104999901,0,1,4,0:0,Duke,Miami,27,30,Pass Reception,Duke,19.0,24.0,Pass Reception,8.0,6.0,14.0,"Ross Martin kickoff for 39 yds , Dallas Crawford return for a loss of 5 yards , Corn Elder return for 1 yd , Jaquan Johnson return for a loss of 7 yards , Mark Walton return for 7 yds , Jaquan John...",,
n10_initial,Kickoff Return (Offense),400868912,400868912103877201,0,1,3,12:27,Army,UTEP,38,0,Rush,Army,24.0,0.0,Kickoff,14.0,0.0,14.0,"Mitchell Howard kickoff for 65 yds , Walter Dawn return for 13 yds Walter Dawn fumbled, forced by Jaylon McClinton, recovered by Army Max Regan  , return for 13 yds, (Mitchell Howard KICK)",,
n10_initial,Kickoff Return (Offense),400869116,400869116104915601,0,1,4,8:43,Washington State,Idaho,49,6,Rush,Washington State,35.0,6.0,Kickoff,14.0,0.0,14.0,"Erik Powell kickoff for 63 yds , Reuben Mwehla return for 9 yds Reuben Mwehla fumbled, forced by Dylan Hanser, recovered by WshSt Gerard Wicks  , return for 11 yds, (Erik Powell KICK)",,
n10_initial,Kickoff Return (Offense),400938593,400938593101965301,0,1,1,3:46,Louisiana Tech,Northwestern State,10,7,Rush,Louisiana Tech,0.0,7.0,Kickoff,10.0,0.0,10.0,"Jonathan Barnes kickoff for 65 yds , Xavier Bell return for 22 yds Xavier Bell fumbled, forced by Reggie Cleveland, recovered by LaTch DeJuawn Oliver  , return for 26 yds, (Jonathan Barnes KICK)",,
n10_initial,Kickoff Return (Offense),400938634,400938634104859001,0,1,4,14:9,Marshall,Old Dominion,28,3,Rush,Marshall,14.0,3.0,Kickoff,14.0,0.0,14.0,"Kaare Vedvik kickoff for 65 yds , Isaiah Harper return for 15 yds Isaiah Harper fumbled, forced by Jaquan Yulee, recovered by Marsh Chris Jackson  , return for 15 yds, (Kaare Vedvik KICK)",,
n10_initial,Kickoff Return (Offense),401013362,401013362103926201,0,1,3,7:37,South Florida,Massachusetts,41,14,Rush,South Florida,27.0,14.0,Kickoff,14.0,0.0,14.0,"Jake Stone kickoff for 63 yds , Marquis Young return for 10 yds Marquis Young fumbled, forced by Vincent Davis, recovered by SFla Vincent Davis  , return for 12 yds, (Coby Weiss KICK)",,
n10_initial,Timeout,400869434,400869434104988501,0,5,4,1:14,North Carolina,Illinois,48,23,Pass Incompletion,Illinois,23.0,45.0,Rush,0.0,3.0,3.0,"Timeout NORTH CAROLINA, clock 01:14 Nick Weiler 41 yd FG GOOD",,
n10_initial,Pass Incompletion,400869303,400869303101995301,0,1,1,0:46,Western Michigan,Northern Illinois,14,0,Kickoff,Western Michigan,7.0,0.0,Kickoff,7.0,0.0,7.0,"Zach Terrell pass incomplete to Corey Davis Zach Terrell pass complete to Corey Davis for 20 yds for a TD, (Butch Hampton KICK)",,
n10_initial,Pass Incompletion,401310724,401310724103989201,0,11,3,1:7,Air Force,San Diego State,7,20,Rush,San Diego State,3.0,0.0,Rush,17.0,7.0,24.0,Warren Bryan pass incomplete (Matthew Dapore KICK),,
n10_initial,Pass Incompletion,401426335,401426335102898901,0,4,2,10:10,Old Dominion,Arkansas State,0,2,Pass Reception,Arkansas State,0.0,0.0,Rushing Touchdown,2.0,0.0,2.0,"Hayden Wolff pass incomplete, holding in the end zone for a SAFETY",,
n10_initial,Blocked Field Goal,401012282,401012282102987801,0,13,2,1:21,UL Monroe,Texas A&M,3,24,Penalty,Texas A&M,7.0,3.0,Penalty,17.0,0.0,17.0,Craig Ford 28 yd FG BLOCKED blocked by Daylon Mack  Tyrel Dodson return for 78 yds for a TD (Seth Small KICK),,
n10_initial,Blocked Field Goal,401013369,401013369102959401,0,12,2,4:5,Buffalo,Army,7,21,Rushing Touchdown,Army,14.0,7.0,Timeout,7.0,0.0,7.0,Adam Mitcheson 28 yd FG BLOCKED blocked by Wunmi Oyetuga  Elijah Riley return for 80 yds for a TD (John Abercrombie KICK),,
n10_initial,Blocked Field Goal,401019473,401019473102925201,0,12,2,7:47,Villanova,Temple,13,10,Passing Touchdown,Villanova,13.0,3.0,Timeout,0.0,7.0,7.0,Drew Kresge 31 yd FG BLOCKED blocked by Quincy Roche  Kimere Brown return for 74 yds for a TD (Aaron Boumerhi KICK),,
n10_initial,Blocked Field Goal,401019540,401019540103888401,0,9,3,11:15,Tulsa,SMU,21,14,Pass Interception Return,Tulsa,21.0,14.0,Timeout,0.0,0.0,0.0,John Parker Romo 42 yd FG BLOCKED blocked by Rodney Clemons  Rodney Clemons return for 45 yds for a TD (Kevin Robledo KICK),,
n10_initial,Blocked Field Goal,401022516,401022516102999901,0,12,2,0:0,Idaho,Fresno State,6,44,Pass Incompletion,Idaho,6.0,23.0,Rush,0.0,21.0,21.0,Cade Coffey 39 yd FG BLOCKED blocked by Mykal Walker  Jaron Bryant return for 71 yds for a TD (Asa Fuller KICK),,
n10_initial,Blocked Field Goal,401249886,401249886101955001,0,10,1,4:49,Akron,Buffalo,0,14,Rushing Touchdown,Akron,7.0,49.0,Rush,-7.0,-35.0,42.0,Cory Smigel 35 yd FG BLOCKED blocked by Tyrone Hill  Tyrone Hill return for 63 yds for a TD (Alex McNulty KICK),,
n10_initial,Blocked Field Goal,401404052,401404052101955701,0,11,1,4:42,Tennessee Tech,Kansas,0,21,End of Game,Tennessee Tech,10.0,56.0,Pass Incompletion,-10.0,-35.0,45.0,"Devin Parker 50 yd FG BLOCKED blocked by Jereme Robinson for a TD , Cobee Bryant return for 61 yds for a TD, (Jacob Borcila KICK)",,
n10_initial,Blocked Field Goal,401404075,401404075102894901,0,5,2,10:50,Arkansas-Pine Bluff,Oklahoma State,0,42,Fumble Recovery (Opponent),Oklahoma State,35.0,0.0,Rush,7.0,0.0,7.0,"Cristofer Thompson 39 yd FG BLOCKED blocked by Sione Asi for a TD , Korie Black return for 38 yds for a TD, (Tanner Brown KICK)",,
n10_initial,Blocked Field Goal,401437036,401437036101966601,0,16,1,3:33,LSU,Georgia,0,7,Passing Touchdown,Georgia,28.0,7.0,,-21.0,-7.0,28.0,Damian Ramos 32 yd FG BLOCKED blocked by Nazir Stackhouse  Christopher Smith return for 95 yds for a TD (Jack Podlesny KICK),,
n10_initial,Blocked Field Goal,401532401,-3287,0,4,3,7:33,Fordham,Buffalo,26,23,Pass Incompletion,Fordham,20.0,21.0,Rush,6.0,2.0,8.0,"B.Peskin extra point is blocked. C.Hines recovers the blocked kick, good.",,
n10_initial,Pass Interception Return,400934555,400934555104956001,0,8,4,4:39,Texas Tech,TCU,3,27,Rush,TCU,17.0,3.0,Rush,10.0,0.0,10.0,"Nic Shimonek pass intercepted for a TD Jeff Gladney return for 93 yds for a TD Jeff Gladney fumbled, recovered by TCU Jeff Gladney for a TD, (Cole Bunce KICK)",,
n10_initial,Pass Interception Return,401012759,401012759103968001,0,6,3,3:19,California,Arizona,14,16,Pass Reception,California,14.0,10.0,Pass Reception,0.0,6.0,6.0,"Brandon McIlwain pass intercepted for a TD Colin Schooler return for 39 yds for a TD Colin Schooler fumbled, forced by Jeremiah Hawkins, recovered by Ariz Azizi Hearn  , return for 34 yds",,
n10_initial,Pass Interception Return,401013365,401013365102956901,0,3,2,4:30,Liberty,Massachusetts,-1,-1,Rush,Massachusetts,21.0,17.0,Pass Incompletion,-22.0,-18.0,40.0,"Stephen Calvert pass intercepted for a TD Lee Moses return for 15 yds for a TD Lee Moses fumbled, recovered by Liber Khaleb Coleman  , return for 21 yds",,
n10_initial,End Period,401114268,401114268105000216,0,11,5,0:0,Louisiana Tech,Rice,23,20,Rush,Rice,14.0,14.0,Rush,6.0,9.0,15.0,J'Mar Smith run for 12 yds for a TD,,
n10_initial,Interception,401282189,401282189104999901,0,11,4,0:0,Rice,Houston,7,44,Rush,Houston,24.0,7.0,Rush,20.0,0.0,20.0,Luke McCaffrey pass intercepted for a TD,,
n10_initial,Interception,401282237,401282237103875501,0,1,3,12:44,Louisiana Tech,UTSA,10,27,Punt,UTSA,19.0,10.0,Punt,8.0,0.0,8.0,Austin Kendall pass intercepted for a TD (Hunter Duplessis KICK),,
n10_initial,Interception,401282255,-13492,0,2,2,6:44,Florida International,Middle Tennessee,3,27,Pass Incompletion,Middle Tennessee,14.0,3.0,Pass Incompletion,13.0,0.0,13.0,"M.Bortenschlager pass INTERCEPTED at FIU 45. Intercepted by Q.Riley at FIU 45. Q.Riley for 45 yards, TOUCHDOWN.",,
n10_initial,Interception,401287901,-17204,0,2,1,2:4,Texas Tech,Stephen F. Austin,7,6,Pass Reception,Stephen F. Austin,0.0,7.0,Rush,6.0,0.0,6.0,"T.Shough pass INTERCEPTED at TT 18. Intercepted by W.Roberts at TT 18. W.Roberts for 18 yards, TOUCHDOWN.",,
n10_initial,Interception,401287950,401287950103876601,0,2,3,12:33,West Virginia,Kansas,21,19,Rush,Kansas,13.0,21.0,Rush,6.0,0.0,6.0,Jarret Doege pass intercepted for a TD,,
n10_initial,Interception,401309842,-11134,0,4,4,11:50,San José State,USC,7,22,Pass Reception,USC,13.0,7.0,Pass Reception,9.0,0.0,9.0,"N.Starkel pass INTERCEPTED at SJS 37. Intercepted by G.Johnson at SJS 37. G.Johnson for 37 yards, TOUCHDOWN.",,
n10_initial,Interception,401415212,-4387,0,3,3,4:0,Texas State,Nevada,7,37,Uncategorized,Nevada,31.0,7.0,Pass Incompletion,6.0,0.0,6.0,"L.Hatcher pass INTERCEPTED at TXST 34. Intercepted by B.Sanders at TXST 34. B.Sanders for 34 yards, TOUCHDOWN.",,
n10_initial,Interception,401525497,-3089,0,11,2,0:17,Western Michigan,Syracuse,7,44,Pass Reception,Syracuse,31.0,7.0,Pass Reception,13.0,0.0,13.0,"J.Salopek pass INTERCEPTED at SYR 16. Intercepted by J.Simmons at SYR 16. J.Simmons for 84 yards, TOUCHDOWN.",,
n10_initial,Interception,401525551,-4011,0,13,4,7:15,Wake Forest,NC State,6,26,Rush,NC State,21.0,0.0,End of Game,5.0,6.0,11.0,TWO-POINT CONVERSION ATTEMPT. M.Kern steps back to pass. J.Scott intercepts the ball. TWO-POINT ATTEMPT FAILS. DEFENSIVE CONVERSION RECOVERY SUCCEEDS.,,
n10_initial,Interception,401644730,-2222,0,5,3,2:1,Central Connecticut,Central Michigan,10,65,Uncategorized,Central Michigan,59.0,10.0,End Period,6.0,0.0,6.0,R.Ortega pass INTERCEPTED at CCSU 46. Intercepted by A.Snell at CCSU 46. TOUCHDOWN.,,
n10_initial,Penalty,401282178,401282178103935801,0,4,3,6:41,UTEP,Bethune-Cookman,17,7,Penalty,Bethune-Cookman,0.0,10.0,Rush,7.0,7.0,14.0,"BETHUNE COOKMAN Penalty, Offsides (Andreas Wyatt) to the BthCk 0 (Gavin Baechle KICK)",,
n10_initial,Penalty,401308838,401308838104884501,0,14,4,11:54,Miami (OH),Ball State,24,17,Rush,Miami (OH),10.0,10.0,Rush,14.0,7.0,21.0,"BALL ST Penalty, Defensive Pass Interference ( Yards) declined",,
n10_initial,Penalty,401310736,401310736103986301,0,12,3,1:36,Wyoming,Colorado State,23,10,Field Goal Missed,Wyoming,17.0,10.0,Pass Incompletion,6.0,0.0,6.0,"COLORADO ST Penalty, Defensive Pass Interference (Toby McBride) declined, (John Hoyland KICK)",,
n10_initial,placeholder,401282784,401282784105000004,0,3,5,0:0,Michigan State,Nebraska,23,20,End of Regulation,Nebraska,20.0,20.0,Rush,0.0,3.0,3.0,Matt Coghlin 21 yd FG GOOD,,
n50_verification,Uncategorized,401237123,-18440,0,12,2,12:8,Vanderbilt,Ole Miss,7,21,Uncategorized,Ole Miss,14.0,0.0,Uncategorized,7.0,7.0,14.0,47-W.Farley extra point is good.,PAT_GOOD,
n50_verification,Uncategorized,401282101,-12809,0,9,3,9:31,North Texas,Missouri,14,31,Penalty,Missouri,28.0,7.0,Pass Incompletion,3.0,7.0,10.0,E.Mooney extra point is good.,PAT_GOOD,
n50_verification,Uncategorized,401282173,-21105,0,1,4,13:30,Middle Tennessee,Monmouth,36,15,Pass Incompletion,Monmouth,15.0,28.0,Punt,0.0,8.0,8.0,TWO-POINT CONVERSION ATTEMPT. J.Marshall steps back to pass. Catch made by B.Hockman at MNM 3. Gain of yards. TWO-POINT ATTEMPT SUCCEEDS.,EXCEPTION,playText does not contain PAT-good template: 'TWO-POINT CONVERSION ATTEMPT. J.Marshall steps back to pass. Catch made by B.Hockman at MNM 3. Gain of yards. TWO-POINT ATTEMPT SUCCEEDS.'
n50_verification,Uncategorized,401282186,-11541,0,19,1,0:19,Virginia Tech,Middle Tennessee,7,0,Passing Touchdown,Virginia Tech,7.0,0.0,,0.0,0.0,0.0,J.Romo extra point is good.,PAT_GOOD,
n50_verification,Uncategorized,401282186,-11615,0,7,3,7:52,Virginia Tech,Middle Tennessee,21,7,Pass Reception,Middle Tennessee,7.0,14.0,Penalty,0.0,7.0,7.0,J.Romo extra point is good.,PAT_GOOD,
n50_verification,Uncategorized,401282186,-11685,0,17,4,0:27,Middle Tennessee,Virginia Tech,14,35,Rush,Virginia Tech,0.0,0.0,Passing Touchdown,35.0,14.0,49.0,Z.Rankin extra point is good.,PAT_GOOD,
n50_verification,Uncategorized,401282236,-13246,0,12,4,1:39,Florida International,Western Kentucky,19,34,Pass Incompletion,Western Kentucky,31.0,12.0,Rushing Touchdown,3.0,7.0,10.0,C.Gabriel extra point is good.,PAT_GOOD,
n50_verification,Uncategorized,401282608,-10923,0,9,3,8:44,Wake Forest,Old Dominion,35,3,Punt,Wake Forest,28.0,3.0,Passing Touchdown,7.0,0.0,7.0,N.Sciba extra point is good.,PAT_GOOD,
n50_verification,Uncategorized,401282610,-11480,0,4,4,6:32,Georgia Tech,Northern Illinois,21,14,Rush,Georgia Tech,7.0,14.0,Rush,14.0,0.0,14.0,B.Cimaglia extra point is good.,PAT_GOOD,
n50_verification,Uncategorized,401282611,-11312,0,12,4,5:15,Syracuse,Ohio,29,9,Field Goal Good,Ohio,9.0,22.0,Field Goal Missed,0.0,7.0,7.0,A.Szmyt extra point is good.,PAT_GOOD,
n50_verification,Uncategorized,401287901,-17286,0,11,3,5:24,Texas Tech,Stephen F. Austin,21,13,Rush,Stephen F. Austin,10.0,7.0,Pass Incompletion,3.0,14.0,17.0,J.Garibay extra point is good.,PAT_GOOD,
n50_verification,Uncategorized,401287906,-11911,0,5,2,1:52,Iowa State,UNLV,21,0,Rush,Iowa State,14.0,0.0,Rush,7.0,0.0,7.0,A.Mevis extra point is good.,PAT_GOOD,
n50_verification,Uncategorized,401300994,-15172,0,6,3,6:49,Tulsa,UC Davis,17,13,Timeout,UC Davis,10.0,10.0,Pass Incompletion,3.0,7.0,10.0,Z.Long extra point is good.,PAT_GOOD,
n50_verification,Uncategorized,401308835,-19942,0,10,1,0:42,Miami (OH),Central Michigan,14,0,Timeout,Miami (OH),0.0,0.0,Uncategorized,14.0,0.0,14.0,D.Dzioban extra point is good.,PAT_GOOD,
n50_verification,Uncategorized,401308843,-21550,0,5,2,5:52,Miami (OH),Long Island University,14,7,Rush,Long Island University,7.0,7.0,Rush,0.0,7.0,7.0,G.Nicholson extra point is good.,PAT_GOOD,
n50_verification,Uncategorized,401309541,-15605,0,9,1,6:8,Eastern Michigan,St. Francis (PA),7,0,Rush,Eastern Michigan,0.0,0.0,Timeout,7.0,0.0,7.0,C.Ryland extra point is good.,PAT_GOOD,
n50_verification,Uncategorized,401309542,-14974,0,14,2,0:13,Buffalo,Wagner,38,0,Rush,Buffalo,14.0,0.0,Rush,24.0,0.0,24.0,A.McNulty extra point is good.,PAT_GOOD,
n50_verification,Uncategorized,401309566,-12534,0,10,1,11:53,Bowling Green,Akron,7,0,Pass Reception,Akron,28.0,13.0,Field Goal Good,-28.0,-6.0,34.0,N.Needham extra point is good.,PAT_GOOD,
n50_verification,Uncategorized,401309566,-12652,0,11,4,8:55,Akron,Bowling Green,35,13,Interception,Bowling Green,13.0,7.0,,0.0,28.0,28.0,C.Smigel extra point is good.,PAT_GOOD,
n50_verification,Uncategorized,401328545,-14837,0,7,3,3:45,Coastal Carolina,The Citadel,45,7,Rush,The Citadel,0.0,38.0,Rush,7.0,7.0,14.0,M.Biscardi extra point is good.,PAT_GOOD,
n50_verification,Uncategorized,401403887,-10151,0,5,1,4:47,Missouri,Abilene Christian,14,3,Pass Reception,Abilene Christian,0.0,6.0,Punt,3.0,8.0,11.0,H.Mevis extra point is good.,PAT_GOOD,
n50_verification,Uncategorized,401403977,-4697,0,10,3,2:31,Air Force,Colorado,27,10,Rush,Air Force,20.0,7.0,Rush,7.0,3.0,10.0,A.Rodriguez extra point is good.,PAT_GOOD,
n50_verification,Uncategorized,401403986,-5909,0,11,2,1:12,Eastern Michigan,Arizona State,24,14,Rush,Arizona State,7.0,17.0,Rush,7.0,7.0,14.0,J.Gomez extra point is good.,PAT_GOOD,
n50_verification,Uncategorized,401415228,-6447,0,7,4,10:8,Boise State,San Diego State,28,13,Pass Incompletion,San Diego State,13.0,21.0,Rushing Touchdown,0.0,7.0,7.0,J.Dalmas extra point is good.,PAT_GOOD,
n50_verification,Uncategorized,401415250,-8479,0,9,1,0:36,Boise State,BYU,7,7,Rush,BYU,7.0,0.0,Interception,0.0,7.0,7.0,J.Dalmas extra point is good.,PAT_GOOD,
n50_verification,Uncategorized,401415250,-8576,0,15,4,9:41,Boise State,BYU,21,17,Uncategorized,BYU,7.0,0.0,,10.0,21.0,31.0,J.Dalmas extra point is good.,PAT_GOOD,
n50_verification,Uncategorized,401415250,-8582,0,6,4,8:12,BYU,Boise State,24,21,Pass Reception,Boise State,14.0,17.0,Uncategorized,7.0,7.0,14.0,J.Oldroyd extra point is good.,PAT_GOOD,
n50_verification,Uncategorized,401415623,-21347,0,10,1,11:34,Miami (OH),Cincinnati,7,0,Pass Reception,Cincinnati,31.0,17.0,Uncategorized,-31.0,-10.0,41.0,G.Nicholson extra point is good.,PAT_GOOD,
n50_verification,Uncategorized,401415624,-6115,0,12,4,13:18,East Carolina,Navy,10,3,Timeout,Navy,3.0,3.0,Penalty,0.0,7.0,7.0,O.Daffer extra point is good.,PAT_GOOD,
n50_verification,Uncategorized,401416619,-7089,0,13,2,6:24,Central Michigan,Akron,14,7,Pass Reception,Akron,7.0,21.0,Pass Incompletion,0.0,-7.0,7.0,M.Meeder extra point is good.,PAT_GOOD,
n50_verification,Uncategorized,401416619,-7132,0,15,3,4:20,Akron,Central Michigan,14,21,Passing Touchdown,Akron,14.0,21.0,,0.0,0.0,0.0,N.Perez extra point is good.,PAT_GOOD,
n50_verification,Uncategorized,401426342,-6713,0,9,2,10:2,Georgia State,Georgia Southern,20,10,Pass Reception,Georgia Southern,7.0,13.0,Rush,3.0,7.0,10.0,M.Hayes extra point is good.,PAT_GOOD,
n50_verification,Uncategorized,401426362,-8315,0,7,2,8:0,Marshall,Coastal Carolina,7,21,Timeout,Coastal Carolina,21.0,0.0,Pass Incompletion,0.0,7.0,7.0,R.Verhoff extra point is good.,PAT_GOOD,
n50_verification,Uncategorized,401426595,-8112,0,6,2,14:49,UAB,Florida Atlantic,7,10,Rush,Florida Atlantic,0.0,0.0,Rush,10.0,7.0,17.0,M.Quinn extra point is good.,PAT_GOOD,
n50_verification,Uncategorized,401426595,-8186,0,10,3,5:56,Florida Atlantic,UAB,24,14,Uncategorized,UAB,14.0,10.0,Pass Incompletion,0.0,14.0,14.0,M.Suarez extra point is good.,PAT_GOOD,
n50_verification,Uncategorized,401506450,-9197,0,7,2,0:30,Buffalo,Akron,10,16,Pass Incompletion,Akron,16.0,3.0,End Period,0.0,7.0,7.0,A.McNulty extra point is good.,PAT_GOOD,
n50_verification,Uncategorized,401520169,-2944,0,7,4,7:32,Penn State,West Virginia,31,7,Rush,West Virginia,7.0,24.0,Rush,0.0,7.0,7.0,A.Felkins extra point is good.,PAT_GOOD,
n50_verification,Uncategorized,401520169,-2969,0,13,4,0:6,West Virginia,Penn State,15,38,Pass Reception,West Virginia,7.0,21.0,Uncategorized,8.0,17.0,25.0,A.Felkins extra point is good.,PAT_GOOD,
n50_verification,Uncategorized,401520241,-3698,0,4,4,0:49,Ole Miss,Georgia Tech,48,23,Pass Reception,Georgia Tech,17.0,41.0,Pass Reception,6.0,7.0,13.0,C.Davis extra point is good.,PAT_GOOD,
n50_verification,Uncategorized,401532401,-3254,0,17,2,1:53,Fordham,Buffalo,17,21,Passing Touchdown,Fordham,17.0,21.0,,0.0,0.0,0.0,B.Peskin extra point is good.,PAT_GOOD,
n50_verification,Uncategorized,401628492,-705,0,12,4,13:46,Ohio State,Marshall,49,14,Pass Reception,Marshall,7.0,28.0,Rush,7.0,21.0,28.0,A.Snyder extra point is good.,PAT_GOOD,
n50_verification,Uncategorized,401628504,-823,0,11,3,9:34,Ohio State,Iowa,14,0,Pass Reception,Iowa,0.0,7.0,Rush,0.0,7.0,7.0,J.Fielding extra point is good.,PAT_GOOD,
n50_verification,Uncategorized,401628504,-859,0,9,4,10:58,Ohio State,Iowa,35,0,Uncategorized,Ohio State,28.0,0.0,Pass Reception,7.0,0.0,7.0,J.Fielding extra point is good.,PAT_GOOD,
n50_verification,Uncategorized,401628511,-19006,0,10,1,0:10,Illinois,Purdue,10,0,Pass Reception,Purdue,0.0,0.0,Rush,0.0,10.0,10.0,D.Olano extra point is good.,PAT_GOOD,
n50_verification,Uncategorized,401635537,-20192,0,12,3,11:46,Charlotte,North Carolina,13,21,Pass Reception,North Carolina,14.0,6.0,Rush,7.0,7.0,14.0,K.Cunanan extra point is good.,PAT_GOOD,
n50_verification,Uncategorized,401635537,-20248,0,14,4,6:39,North Carolina,Charlotte,38,13,Rush,North Carolina,14.0,6.0,Timeout,24.0,7.0,31.0,L.Boyd extra point is good.,PAT_GOOD,
n50_verification,Uncategorized,401636387,-2021,0,9,3,11:41,Jackson State,UL Monroe,14,14,Rush,UL Monroe,7.0,7.0,Rush,7.0,7.0,14.0,G.Baeza extra point is good.,PAT_GOOD,
n50_verification,Uncategorized,401636867,-1492,0,16,2,0:6,Arizona State,Texas State,21,21,Rush,Texas State,7.0,7.0,Punt,14.0,14.0,28.0,I.Hershey extra point is good.,PAT_GOOD,
n50_verification,Uncategorized,401636867,-1526,0,7,3,4:18,Texas State,Arizona State,28,21,Rush,Arizona State,21.0,21.0,Rush,0.0,7.0,7.0,M.Shipley extra point is good.,PAT_GOOD,
n50_verification,Uncategorized,401645335,-2417,0,11,4,5:47,Florida Atlantic,Wagner,41,10,Pass Incompletion,Florida Atlantic,17.0,10.0,Rush,24.0,0.0,24.0,M.Suarez extra point is good.,PAT_GOOD,
n50_verification,Punt,400603849,400603849103925101,0,6,3,7:48,Syracuse,LSU,3,17,Rush,LSU,7.0,3.0,Pass Incompletion,10.0,0.0,10.0,"Riley Dixon punt for 54 yds , Tre'Davious White returns for 69 yds for a TD, (Trent Domingue KICK)",PUNT_RETURN_TD,
n50_verification,Punt,400603921,400603921101999901,0,5,1,0:0,Charleston Southern,Alabama,0,28,Rush,Alabama,7.0,0.0,Passing Touchdown,21.0,0.0,21.0,"Truett Burns punt for 22 yds , Cyrus Jones returns for 43 yds for a TD, (Adam Griffith KICK)",PUNT_RETURN_TD,
n50_verification,Punt,400757021,400757021104986801,0,4,4,1:31,Washington State,Rutgers,30,34,Rush,Rutgers,27.0,30.0,Pass Incompletion,7.0,0.0,7.0,"Zach Charme punt for 31 yds , Janarion Grant returns for 55 yds for a TD, (Kyle Federico KICK)",PUNT_RETURN_TD,
n50_verification,Punt,400757039,400757039103985601,0,7,3,1:43,Oregon,Utah,13,55,Penalty,Utah,41.0,13.0,End Period,14.0,0.0,14.0,"Ian Wheeler punt for 34 yds , Boobie Hobbs returns for 69 yds for a TD, (Andy Phillips KICK)",PUNT_RETURN_TD,
n50_verification,Punt,400763400,400763400104969901,0,6,4,3:0,Northern Iowa,Iowa State,7,31,Punt,Iowa State,24.0,7.0,Rush,7.0,0.0,7.0,"Logan Bieghler punt for 45 yds , Trever Ryen returns for 81 yds for a TD, (Cole Netten KICK)",PUNT_RETURN_TD,
n50_verification,Punt,400763604,400763604104867101,0,5,4,13:28,New Mexico State,UTEP,30,30,Rush,UTEP,16.0,30.0,Pass Interception Return,14.0,0.0,14.0,"Anthony Torres punt for 45 yds , Jaquan White returns for 64 yds for a TD, (Jay Mattox KICK)",PUNT_RETURN_TD,
n50_verification,Punt,400787111,400787111102916401,0,5,2,8:35,Morgan State,Air Force,0,28,Rush,Air Force,14.0,0.0,Rush,14.0,0.0,14.0,"Chris Moller punt for 46 yds , Garrett Brown returns for 75 yds for a TD, (Drew Oehrle KICK)",PUNT_RETURN_TD,
n50_verification,Punt,400787418,400787418101999901,0,7,1,0:0,Prairie View A&M,Texas State,3,35,Timeout,Texas State,20.0,3.0,Rush,15.0,0.0,15.0,"Owen Hoolihan punt for 36 yds , Brandon McDowell returns for 95 yds for a TD, (Jack Rhoades pass  to Tim Gay for Two-Point Conversion)",PUNT_RETURN_TD,
n50_verification,Punt,400787419,400787419104876901,0,5,4,12:30,Charleston Southern,Troy,9,37,Pass Incompletion,Troy,27.0,9.0,Rush,10.0,0.0,10.0,"Truett Burns punt for 45 yds , Teddy Ruben returns for 64 yds for a TD, (Jed Solomon KICK)",PUNT_RETURN_TD,
n50_verification,Punt,400852683,400852683102914301,0,5,2,8:56,Georgia State,San José State,0,10,Rush,San José State,0.0,0.0,Rush,10.0,0.0,10.0,"Wil Lutz punt for 51 yds , Tyler Ervin returns for 85 yds for a TD, (Austin Lopez KICK)",PUNT_RETURN_TD,
n50_verification,Punt,400868988,400868988101999901,0,12,1,0:0,Eastern Michigan,Missouri,0,14,Punt,Eastern Michigan,0.0,7.0,Rush,0.0,7.0,7.0,"Austin Barnes punt for 39 yds , Johnathon Johnson returns for 54 yds for a TD, (Turner Adams KICK)",PUNT_RETURN_TD,
n50_verification,Punt,400869040,400869040103877201,0,5,3,12:27,New Mexico State,Texas A&M,3,38,Punt,Texas A&M,24.0,3.0,Pass Reception,14.0,0.0,14.0,"Peyton Theisler punt for 45 yds , Christian Kirk returns for 73 yds for a TD, (Daniel LaCamera KICK)",PUNT_RETURN_TD,
n50_verification,Punt,400869046,400869046102998001,0,10,2,0:19,Mississippi State,Texas A&M,28,14,Pass Reception,Mississippi State,21.0,7.0,Rush,7.0,7.0,14.0,"Logan Cooke punt for 56 yds , Christian Kirk returns for 93 yds for a TD, (Daniel LaCamera KICK)",PUNT_RETURN_TD,
n50_verification,Punt,400869101,400869101103965001,0,8,3,3:49,Utah State,USC,0,31,Timeout,USC,21.0,0.0,Pass Reception,10.0,0.0,10.0,"Aaron Dalton punt for 47 yds , Adoree' Jackson returns for 77 yds for a TD, (Matt Boermeester KICK)",PUNT_RETURN_TD,
n50_verification,Punt,400869148,400869148104967401,0,4,4,3:25,Utah,Washington,24,31,Fumble Recovery (Own),Washington,24.0,24.0,Rush,7.0,0.0,7.0,"Mitch Wishnowsky punt for 55 yds , Dante Pettis returns for 58 yds for a TD, (Cameron Van Winkle KICK)",PUNT_RETURN_TD,
n50_verification,Punt,400869170,400869170101908201,0,5,1,9:17,Colorado,Utah,0,7,Punt,Utah,0.0,0.0,Punt,7.0,0.0,7.0,"Alex Kinney punt for 41 yds , Boobie Hobbs returns for 55 yds for a TD, (Andy Phillips KICK)",PUNT_RETURN_TD,
n50_verification,Punt,400869183,400869183102956201,0,4,2,4:37,Tulsa,San José State,38,7,Pass Incompletion,San José State,7.0,31.0,Rush,0.0,7.0,7.0,"Dalton Parks punt for 61 yds , Tim Crawley returns for no gain for a TD Tim Crawley fumbled, recovered by Tulsa McKinley Whitfield for a TD, (Redford Jones KICK)",PUNT_RETURN_TD,
n50_verification,Punt,400869189,400869189104909701,0,7,4,9:2,Hawai'i,UT Martin,35,36,Rush,Hawai'i,28.0,24.0,Passing Touchdown,7.0,12.0,19.0,"Rigoberto Sanchez punt for 54 yds , Londell Lee returns for 79 yds for a TD, (Two-Point Conversion failed )",PUNT_RETURN_TD,
n50_verification,Punt,400869354,400869354101887501,0,5,1,11:24,North Texas,Bethune-Cookman,0,7,Punt,Bethune-Cookman,0.0,0.0,Rush,7.0,0.0,7.0,"Eric Keena punt for 56 yds , Frank Brown returns for 88 yds for a TD, (Uriel Hernandez KICK)",PUNT_RETURN_TD,
n50_verification,Punt,400869440,400869440103865001,0,5,3,13:49,Florida State,Louisville,10,42,Pass Reception,Louisville,28.0,10.0,Punt,14.0,0.0,14.0,"Logan Tyler punt for 47 yds , Jaire Alexander returns for 69 yds for a TD, (Evan O'Hara KICK)",PUNT_RETURN_TD,
n50_verification,Punt,400869642,400869642101927401,0,6,1,7:25,Rutgers,Maryland,0,14,Punt,Maryland,7.0,0.0,Pass Incompletion,7.0,0.0,7.0,"Michael Cintron punt for 48 yds , Teldrick Morgan returns for 83 yds for a TD, (Adam Greene KICK)",PUNT_RETURN_TD,
n50_verification,Punt,400934491,400934491102966001,0,5,2,3:39,Central Arkansas,Kansas State,16,31,Pass Incompletion,Kansas State,17.0,16.0,Rush,14.0,0.0,14.0,"Matt Cummins punt for 36 yds , D.J. Reed returns for 62 yds for a TD, (Matthew McCrane KICK)",PUNT_RETURN_TD,
n50_verification,Punt,401012814,401012814103867301,0,6,3,13:26,Illinois,Iowa,0,42,Timeout,Iowa,35.0,0.0,Pass Reception,7.0,0.0,7.0,"Blake Hayes punt for 39 yds , Kyle Groeneweg returns for 61 yds for a TD (Miguel Recinos KICK)",PUNT_RETURN_TD,
n50_verification,Punt,401013072,401013072103926801,0,5,3,7:31,Southern,TCU,7,55,Punt,Southern,7.0,41.0,Rush,0.0,14.0,14.0,"Cesar Barajas punt for 42 yds , Derius Davis returns for 73 yds for a TD (Jonathan Song KICK)",PUNT_RETURN_TD,
n50_verification,Punt,401014978,401014978102929501,0,8,2,7:4,Jackson State,Southern Miss,0,24,Penalty,Southern Miss,17.0,0.0,Rush,7.0,0.0,7.0,"Christian Jacquemin punt for 41 yds , Quez Watkins returns for 81 yds for a TD (Parker Shaunfield KICK)",PUNT_RETURN_TD,
n50_verification,Punt,401019528,401019528104876801,0,6,4,12:31,Tulsa,Memphis,14,47,Penalty,Memphis,34.0,14.0,Fumble Recovery (Opponent),13.0,0.0,13.0,"Thomas Bennett punt for 38 yds , John Pop Williams returns for 72 yds for a TD (Riley Patterson KICK)",PUNT_RETURN_TD,
n50_verification,Punt,401020787,401020787101976102,0,5,1,2:38,Akron,Ohio,0,21,Pass Reception,Akron,0.0,21.0,Sack,0.0,0.0,0.0,"Nick Gasser punt for 36 yds , Kylan Nelson returns for 37 yds for a TD (Louie Zervos KICK)",PUNT_RETURN_TD,
n50_verification,Punt,401022519,401022519102979101,0,6,2,2:8,Tennessee Tech,Utah State,6,45,Passing Touchdown,Utah State,38.0,6.0,End of Half,7.0,0.0,7.0,"Luke Maynard punt for 36 yds , Jordan Nathan returns for 59 yds for a TD (Dominik Eberle KICK)",PUNT_RETURN_TD,
n50_verification,Punt,401032088,401032088101995401,0,5,1,0:45,Penn State,Kentucky,0,10,Pass Reception,Penn State,0.0,3.0,Rush,0.0,7.0,7.0,"Blake Gillikin punt for 56 yds , Lynn Bowden Jr. returns for 58 yds for a TD (Miles Butler KICK)",PUNT_RETURN_TD,
n50_verification,Punt,401112460,401112460103869601,0,4,3,13:3,Ball State,NC State,7,27,Pass Incompletion,NC State,20.0,7.0,Penalty,7.0,0.0,7.0,"Nathan Snyder punt for 39 yds , Thayer Thomas returns for 76 yds for a TD, (Christopher Dunn KICK)",PUNT_RETURN_TD,
n50_verification,Punt,401114161,401114161102959801,0,8,2,4:1,Oregon State,Arizona State,21,21,Rush,Oregon State,14.0,14.0,Rush,7.0,7.0,14.0,"Daniel Rodriguez punt for 48 yds , Brandon Aiyuk returns for 63 yds for a TD (Christian Zendejas KICK)",PUNT_RETURN_TD,
n50_verification,Punt,401114235,401114235103896201,0,6,3,10:37,BYU,Washington,12,38,Pass Reception,BYU,9.0,24.0,Pass Incompletion,3.0,14.0,17.0,"Jake Oldroyd punt for 46 yds , Aaron Fuller returns for 88 yds for a TD, (Peyton Henry KICK)",PUNT_RETURN_TD,
n50_verification,Punt,401236010,401236010102999901,0,7,2,0:0,Kansas,Kansas State,7,34,Pass Reception,Kansas,0.0,20.0,Rushing Touchdown,7.0,14.0,21.0,"Reis Vernon punt for 32 yds , Phillip Brooks returns for 52 yds for a TD (Blake Lynch KICK)",PUNT_RETURN_TD,
n50_verification,Punt,401240039,401240039102934701,0,5,2,6:52,The Citadel,South Florida,6,13,Rush,South Florida,7.0,6.0,Punt,6.0,0.0,6.0,"Matt Campbell punt for a loss of 10 yards , Omarion Dollison returns for no gain for a TD SOUTH FLORIDA Penalty, delay of game (-5 Yards) to the Citad 8 (Spencer Shrader PAT MISSED)",PUNT_RETURN_TD,
n50_verification,Punt,401249043,401249043103975101,0,4,3,2:48,San José State,Boise State,19,13,Punt,Boise State,6.0,19.0,Pass Incompletion,7.0,0.0,7.0,"Elijah Fischer punt for 39 yds , Avery Williams returns for 69 yds for a TD (Jonah Dalmas KICK)",PUNT_RETURN_TD,
n50_verification,Punt,401249428,401249428102986901,0,10,2,1:30,Utah,Colorado,7,14,Rush,Colorado,21.0,27.0,Rush,-7.0,-20.0,27.0,"Ben Lennon punt for 42 yds , Brenden Rice returns for 81 yds for a TD (Evan Price KICK)",PUNT_RETURN_TD,
n50_verification,Punt,401267164,401267164101976301,0,6,1,2:36,Arkansas,Alabama,3,10,Rush,Arkansas,0.0,3.0,Pass Reception,3.0,7.0,10.0,"Reid Bauer punt for 42 yds , DeVonta Smith returns for 84 yds for a TD (Will Reichard KICK)",PUNT_RETURN_TD,
n50_verification,Punt,401282645,401282645102957601,0,6,2,4:23,Richmond,Virginia Tech,7,14,Punt,Virginia Tech,7.0,7.0,Punt,7.0,0.0,7.0,"Aaron Trusler punt for 42 yds , Tayvion Robinson returns for 60 yds for a TD, (John Parker Romo KICK)",PUNT_RETURN_TD,
n50_verification,Punt,401309553,401309553103969601,0,4,3,3:3,Toledo,Colorado State,6,13,Pass Incompletion,Colorado State,6.0,6.0,Pass Reception,7.0,0.0,7.0,"Bailey Flint punt for 55 yds , Thomas Pannunzio returns for 70 yds for a TD, (Cayden Camper KICK)",PUNT_RETURN_TD,
n50_verification,Punt,401404027,401404027104976801,0,9,4,2:31,Arizona,Utah,12,45,Penalty,Utah,31.0,10.0,Pass Reception,14.0,2.0,16.0,"Kyle Ostendorp punt for 45 yds for a SAFETY , Tiquan Gilmore returns for 45 yds",EXCEPTION_SAFETY,"safety on punt-typed scoring play: 'Kyle Ostendorp punt for 45 yds for a SAFETY , Tiquan Gilmore returns for 45 yds'"
n50_verification,Punt,401404108,401404108101867901,0,5,1,13:20,Texas Tech,TCU,0,7,Rush,TCU,34.0,24.0,Pass Incompletion,-27.0,-24.0,51.0,"Austin McNamara punt for 54 yds , Derius Davis returns for 82 yds for a TD, (Griffin Kell KICK)",PUNT_RETURN_TD,
n50_verification,Punt,401437034,401437034102964501,0,4,2,3:54,Boise State,Fresno State,3,7,Rush,Fresno State,0.0,3.0,Pass Interception Return,7.0,0.0,7.0,"James Ferguson-Reynolds punt for 45 yds , Nikko Remigio returns for 70 yds for a TD (Abraham Montano KICK)",PUNT_RETURN_TD,
n50_verification,Punt,401520278,401520278101887101,0,5,1,11:28,UTEP,Louisiana Tech,0,14,Rush,Louisiana Tech,0.0,0.0,Punt,14.0,0.0,14.0,"Joshua Sloan punt for 43 yds , Smoke Harris returns for 67 yds for a TD (Jacob Barnes KICK)",PUNT_RETURN_TD,
n50_verification,Punt,401520380,401520380101895501,0,5,1,10:44,Arkansas,Auburn,0,14,Pass Incompletion,Auburn,0.0,0.0,Punt,14.0,0.0,14.0,"Max Fletcher punt for 48 yds , Keionte Scott returns for 74 yds for a TD (Alex McPherson KICK)",PUNT_RETURN_TD,
n50_verification,Punt,401532444,401532444103976701,0,7,3,2:32,Western Michigan,Northern Illinois,0,21,Rush,Northern Illinois,14.0,0.0,Punt,7.0,0.0,7.0,"Carson Voss punt for 33 yds , Dane Pardridge returns for 55 yds for a TD (Kanon Woodill KICK)",PUNT_RETURN_TD,
n50_verification,Punt,401636864,401636864102856201,0,6,2,14:37,Arizona,Kansas State,7,14,Pass Incompletion,Kansas State,0.0,7.0,Pass Interception Return,14.0,0.0,14.0,"Tyler Loop punt for 48 yds , Dylan Edwards returns for 71 yds for a TD (Chris Tennant KICK)",PUNT_RETURN_TD,
n50_verification,Punt,401643727,401643727102866701,0,7,2,13:32,Air Force,New Mexico,3,14,Rush,New Mexico,0.0,3.0,Rush,14.0,0.0,14.0,"Luke Freer punt for 57 yds , Luke Wysong returns for 79 yds for a TD (Luke Drzewiecki KICK)",PUNT_RETURN_TD,
n50_verification,Punt,401643779,401643779103894601,0,6,3,10:53,Tulsa,Arkansas State,17,21,Timeout,Arkansas State,7.0,17.0,Rushing Touchdown,14.0,0.0,14.0,"Angus Davies punt for 58 yds , Courtney Jackson returns for 77 yds for a TD (Clune Van Andel KICK)",PUNT_RETURN_TD,
n50_verification,Punt,401645316,401645316104885001,0,5,4,11:49,Alcorn State,UAB,3,41,Rush,UAB,31.0,3.0,Penalty,10.0,0.0,10.0,"Elijah Gorman punt for 32 yds , Kam Shanks returns for 57 yds for a TD (Jonah Delange KICK)",PUNT_RETURN_TD,
n50_verification,Punt,401645318,401645318101928001,0,6,1,7:19,Northwestern State,Tulsa,7,14,Pass Reception,Tulsa,0.0,7.0,Rush,14.0,0.0,14.0,"Reed Honshtein punt for 34 yds , Kamdyn Benjamin returns for 66 yds for a TD (Seth Morgan KICK)",PUNT_RETURN_TD,
n50_verification,Fumble Recovery (Opponent),400756968,400756968102889801,0,2,2,11:1,Boston College,Virginia Tech,0,17,Rush,Virginia Tech,10.0,0.0,Rush,7.0,0.0,7.0,"Jordan Gowins run for a loss of 1 yard Jordan Gowins fumbled, forced by Andrew Motuapuaka, recovered by VTech Andrew Motuapuaka  , return for 34 yds, (Joey Slye KICK)",FUMBLE_RETURN_TD,
n50_verification,Fumble Recovery (Opponent),400757044,400757044103875301,0,5,3,12:46,Washington State,California,21,20,Rush,California,7.0,21.0,Pass Reception,13.0,0.0,13.0,"Zach Charme run for a loss of 4 yards, Zach Charme fumbled, forced by Tony Mekari, recovered by Cal Stefan McClure , return for 45 yds for a TD, (Matt Anderson KICK)",FUMBLE_RETURN_TD,
n50_verification,Fumble Recovery (Opponent),400760498,400760498102915101,0,7,2,8:48,Army,Tulane,7,21,Passing Touchdown,Tulane,14.0,7.0,Pass Incompletion,7.0,0.0,7.0,"Ahmad Bradshaw run for a loss of 2 yards Ahmad Bradshaw fumbled, forced by Tanzel Smart, recovered by Tulan Parry Nickerson  , return for 48 yds, (Andrew DiRocco KICK)",FUMBLE_RETURN_TD,
n50_verification,Fumble Recovery (Opponent),400763512,400763512101936801,0,7,1,6:31,Air Force,Michigan State,0,14,Rush,Michigan State,0.0,0.0,Rush,14.0,0.0,14.0,"D.J. Johnson run for 3 yds D.J. Johnson fumbled, recovered by MchSt Rj Williamson  , return for 64 yds, (Michael Geiger KICK)",FUMBLE_RETURN_TD,
n50_verification,Fumble Recovery (Opponent),400763513,400763513103905501,0,11,3,9:44,Minnesota,Kent State,10,7,Passing Touchdown,Minnesota,10.0,0.0,Punt,0.0,7.0,7.0,"Mitch Leidner pass complete to Rashad Still for 9 yds for a TD Rashad Still fumbled, forced by Demetrius Monday, recovered by KntSt Demetrius Monday  , return for 80 yds, (Shane Hynes KICK)",FUMBLE_RETURN_TD,
n50_verification,Fumble Recovery (Opponent),400787452,400787452104935601,0,9,4,6:43,Georgia Southern,New Mexico State,56,26,Rush,Georgia Southern,49.0,14.0,Rush,7.0,12.0,19.0,"Vegas Harley run for 4 yds Vegas Harley fumbled, forced by Robert Wagner, recovered by NMxSt Will Clement  , return for 74 yds, (Two-Point Conversion failed )",EXCEPTION,"unrecognized fumble-rec-opp template: 'Vegas Harley run for 4 yds Vegas Harley fumbled, forced by Robert Wagner, recovered by NMxSt Will Clement  , return for 74 yds, (Two-Point Conversion failed )'"
n50_verification,Fumble Recovery (Opponent),400787466,400787466103958001,0,2,3,4:19,Idaho,South Alabama,24,21,Pass Incompletion,Idaho,24.0,14.0,Rush,0.0,7.0,7.0,"Elijhaa Penny run for 1 yd Elijhaa Penny fumbled, forced by Blake Dees, recovered by SAlab Devon Earl  , return for 57 yds, (Aleem Sunanon KICK)",FUMBLE_RETURN_TD,
n50_verification,Fumble Recovery (Opponent),400787472,400787472101887101,0,2,1,11:28,Georgia Southern,Troy,0,10,Pass Incompletion,Troy,0.0,0.0,Rush,10.0,0.0,10.0,"Kevin Ellison run for a loss of 5 yards Kevin Ellison fumbled, recovered by Troy Demetrius Cain  , return for 19 yds, (Jed Solomon KICK)",FUMBLE_RETURN_TD,
n50_verification,Fumble Recovery (Opponent),400787480,400787480102916601,0,11,2,8:33,Georgia Southern,South Alabama,7,14,Pass Reception,South Alabama,0.0,0.0,Field Goal Good,14.0,7.0,21.0,"LA Ramsby run for a loss of 3 yards LA Ramsby fumbled, forced by Akeem Lewis, recovered by SAlab Devon Earl  , return for 62 yds, (Aleem Sunanon KICK)",FUMBLE_RETURN_TD,
n50_verification,Fumble Recovery (Opponent),400868933,400868933102974901,0,6,2,2:50,Utah State,BYU,3,14,Penalty,BYU,7.0,3.0,Rush,7.0,0.0,7.0,"Damion Hobbs run for no gain Damion Hobbs fumbled, forced by Logan Taele, recovered by BYU Michael Shelton  , return for 52 yds, (Rhett Almond KICK)",FUMBLE_RETURN_TD,
n50_verification,Fumble Recovery (Opponent),400869031,400869031104906601,0,8,4,9:33,Kentucky,Mississippi State,34,31,End Period,Mississippi State,24.0,27.0,Field Goal Good,7.0,7.0,14.0,"Stephen Johnson run for a loss of 2 yards Stephen Johnson fumbled, forced by Cory Thomas, recovered by MisSt Mark McLaurin  , return for 81 yds, (Westin Graves KICK)",FUMBLE_RETURN_TD,
n50_verification,Fumble Recovery (Opponent),400869158,400869158103916001,0,3,3,8:39,UCLA,Oregon State,24,21,Pass Reception,Oregon State,14.0,24.0,Pass Reception,7.0,0.0,7.0,"Mike Fafaul pass complete to Jordan Lasley for 4 yds for a TD Jordan Lasley fumbled, recovered by OrgSt Manase Hungalu  , return for 40 yds, (Garrett Owens KICK)",FUMBLE_RETURN_TD,
n50_verification,Fumble Recovery (Opponent),400869170,400869170104894301,0,1,4,10:56,Utah,Colorado,16,27,Pass Reception,Colorado,20.0,16.0,Kickoff Return (Offense),7.0,0.0,7.0,"Joe Williams run for a loss of 3 yards Joe Williams fumbled, forced by Rick Gamboa, recovered by Colo Kenneth Olugbode  , return for 10 yds, (Davis Price KICK)",FUMBLE_RETURN_TD,
n50_verification,Fumble Recovery (Opponent),400869194,400869194102858401,0,5,2,14:15,Wyoming,UC Davis,14,9,Penalty,UC Davis,0.0,14.0,Rushing Touchdown,9.0,0.0,9.0,"Josh Allen run for a loss of 8 yards Josh Allen fumbled, forced by Zak Pettit, recovered by UCDav Keleen Culberson  , return for 21 yds, (Matt Blair PAT MISSED)",EXCEPTION,"unrecognized fumble-rec-opp template: 'Josh Allen run for a loss of 8 yards Josh Allen fumbled, forced by Zak Pettit, recovered by UCDav Keleen Culberson  , return for 21 yds, (Matt Blair PAT MISSED)'"
n50_verification,Fumble Recovery (Opponent),400869329,400869329103978601,0,15,3,2:13,Buffalo,Miami (OH),10,32,Rush,Buffalo,0.0,20.0,,10.0,12.0,22.0,"Tyree Jackson run for a loss of 3 yards Tyree Jackson fumbled, recovered by MiaOh De'Andre Montgomery  , return for 92 yds, (Nick Dowd PAT MISSED)",EXCEPTION,"unrecognized fumble-rec-opp template: ""Tyree Jackson run for a loss of 3 yards Tyree Jackson fumbled, recovered by MiaOh De'Andre Montgomery  , return for 92 yds, (Nick Dowd PAT MISSED)"""
n50_verification,Fumble Recovery (Opponent),400869630,400869630102924901,0,16,2,7:50,Texas,Texas Tech,14,23,Passing Touchdown,Texas Tech,30.0,31.0,,-7.0,-17.0,24.0,"D'Onta Foreman run for 23 yds D'Onta Foreman fumbled, forced by Douglas Coleman, recovered by TexTc Douglas Coleman  , return for 100 yds, (Clayton Hatfield KICK)",FUMBLE_RETURN_TD,
n50_verification,Fumble Recovery (Opponent),400921256,400921256103927601,0,2,3,7:23,Tulane,UCF,6,13,Rush,UCF,7.0,6.0,Pass Incompletion,6.0,0.0,6.0,"Glen Cuiellette run for a loss of 4 yards Glen Cuiellette fumbled, recovered by UCF Drico Johnson  , return for 30 yds, (Matthew Wright PAT MISSED)",EXCEPTION,"unrecognized fumble-rec-opp template: 'Glen Cuiellette run for a loss of 4 yards Glen Cuiellette fumbled, recovered by UCF Drico Johnson  , return for 30 yds, (Matthew Wright PAT MISSED)'"
n50_verification,Fumble Recovery (Opponent),400933900,400933900104939801,0,1,4,6:1,Ole Miss,Arkansas,37,35,Kickoff,Ole Miss,37.0,28.0,Kickoff,0.0,7.0,7.0,"Jordan Ta'amu run for a loss of 4 yards Jordan Ta'amu fumbled, recovered by Ark Kevin Richardson II  , return for 22 yds, (Connor Limpert KICK)",FUMBLE_RETURN_TD,
n50_verification,Fumble Recovery (Opponent),400933905,400933905103896801,0,5,3,10:31,Arkansas,Coastal Carolina,17,28,Pass Reception,Coastal Carolina,14.0,17.0,Pass Incompletion,14.0,0.0,14.0,"Cole Kelley run for a loss of 3 yards Cole Kelley fumbled, forced by Dontay Hears, recovered by CCaro Nicholas Clark  , return for 31 yds (Evan Rabon KICK)",FUMBLE_RETURN_TD,
n50_verification,Fumble Recovery (Opponent),400935307,400935307104979201,0,10,4,2:7,Washington,UCLA,44,23,Rush,UCLA,9.0,37.0,Field Goal Good,14.0,7.0,21.0,"Kamari Pleasant run for a loss of 4 yards Kamari Pleasant fumbled, forced by Marcus Moore, recovered by UCLA Osa Odighizuwa  , return for 51 yds, (JJ Molson KICK)",FUMBLE_RETURN_TD,
n50_verification,Fumble Recovery (Opponent),400935309,400935309102944501,0,9,2,5:54,Utah,Oregon,3,17,Timeout,Oregon,7.0,3.0,Pass Incompletion,10.0,0.0,10.0,"Tyler Huntley pass complete to Darren Carrington II for a loss of 6 yards for a TD Darren Carrington II fumbled, forced by Ugochukwu Amadi, recovered by Oregn Ugochukwu Amadi  , return for 47 yds, ...",FUMBLE_RETURN_TD,
n50_verification,Fumble Recovery (Opponent),400935409,400935409103938901,0,5,3,6:10,Iowa,Wisconsin,14,24,Rush,Wisconsin,17.0,14.0,Punt,7.0,0.0,7.0,"TEAM run for a loss of 9 yards TEAM fumbled, recovered by Wisc Leon Jacobs  , return for 21 yds, (Rafael Gaglianone KICK)",FUMBLE_RETURN_TD,
n50_verification,Fumble Recovery (Opponent),400937484,400937484103854901,0,2,3,14:50,Louisville,Murray State,35,10,End of Half,Murray State,3.0,35.0,Pass Reception,7.0,0.0,7.0,"TEAM run for no gain TEAM fumbled, recovered by MurrS Jason Johnson  , return for 23 yds, (Gabriel Vicente KICK)",FUMBLE_RETURN_TD,
n50_verification,Fumble Recovery (Opponent),400937500,400937500102959101,0,2,2,4:8,Louisville,Florida State,7,14,Sack,Florida State,7.0,7.0,Pass Reception,7.0,0.0,7.0,"Lamar Jackson run for a loss of 3 yards Lamar Jackson fumbled, forced by Matthew Thomas, recovered by FlaSt Matthew Thomas  , return for 34 yds, (Ricky Aguayo KICK)",FUMBLE_RETURN_TD,
n50_verification,Fumble Recovery (Opponent),401012356,401012356104898701,0,5,4,10:12,Texas A&M,LSU,24,24,Punt,Texas A&M,24.0,24.0,Punt,0.0,0.0,0.0,"Kellen Mond pass complete to Trayveon Williams for a loss of 2 yards for a TD Trayveon Williams fumbled, recovered by LSU Michael Divinity Jr.  , return for 58 yds (Cole Tracy KICK)",FUMBLE_RETURN_TD,
n50_verification,Fumble Recovery (Opponent),401013137,401013137102947401,0,6,2,5:25,Rice,Wake Forest,3,42,Rush,Wake Forest,28.0,3.0,Pass Reception,14.0,0.0,14.0,"Emmanuel Esukpa run for a loss of 4 yards Emmanuel Esukpa fumbled, forced by Zeek Rodney, recovered by WFrst Essang Bassey  , return for 51 yds (Nick Sciba KICK)",FUMBLE_RETURN_TD,
n50_verification,Fumble Recovery (Opponent),401013165,401013165101896301,0,2,1,10:36,Georgia Tech,North Carolina,0,7,Rush,North Carolina,0.0,0.0,Rush,7.0,0.0,7.0,"Jerry Howard run for 2 yds Jerry Howard fumbled, forced by Malik Carney, recovered by NCaro Malik Carney  , return for 20 yds, (Freeman Jones KICK)",FUMBLE_RETURN_TD,
n50_verification,Fumble Recovery (Opponent),401013370,401013370104856701,0,7,4,14:32,San José State,Army,3,45,Rush,Army,31.0,3.0,Pass Reception,14.0,0.0,14.0,"Montel Aaron run for 6 yds Montel Aaron fumbled, forced by Max Regan, recovered by Army James Nachtigal  , return for 52 yds (John Abercrombie KICK)",FUMBLE_RETURN_TD,
n50_verification,Fumble Recovery (Opponent),401022560,401022560102906101,0,2,2,9:38,New Mexico,Boise State,7,21,Rush,Boise State,14.0,7.0,Rush,7.0,0.0,7.0,"Zahneer Shuler run for a loss of 1 yard Zahneer Shuler fumbled, forced by Desmond Williams, recovered by BoiSt Desmond Williams  , return for 9 yds (Haden Hoggarth KICK)",FUMBLE_RETURN_TD,
n50_verification,Fumble Recovery (Opponent),401032065,401032065103947601,0,9,3,5:23,Troy,Buffalo,21,24,Rush,Troy,14.0,17.0,Rush,7.0,7.0,14.0,"B.J. Smith run for a loss of 1 yard B.J. Smith fumbled, forced by James Patterson, recovered by Buff Tyrone Hill  , return for 93 yds (Adam Mitcheson KICK)",FUMBLE_RETURN_TD,
n50_verification,Fumble Recovery (Opponent),401110776,401110776102864801,0,3,2,13:51,Murray State,Georgia,7,21,Timeout,Georgia,7.0,7.0,Pass Reception,14.0,0.0,14.0,"Preston Rice pass complete to Jared McCray for a loss of 12 yards for a TD Jared McCray fumbled, recovered by Geo J.R. Reed  , return for 14 yds, (Rodrigo Blankenship KICK)",FUMBLE_RETURN_TD,
n50_verification,Fumble Recovery (Opponent),401110824,401110824104927801,0,17,4,7:21,Tennessee,Alabama,13,35,Field Goal Good,Tennessee,10.0,14.0,,3.0,21.0,24.0,"Jarrett Guarantano run for 1 yd Jarrett Guarantano fumbled, recovered by Alab Trevon Diggs  , return for 100 yds, (Joseph Bulovas KICK)",FUMBLE_RETURN_TD,
n50_verification,Fumble Recovery (Opponent),401110858,401110858101874701,0,3,1,12:52,UT Martin,Kentucky,0,9,Rush,UT Martin,0.0,9.0,Pass Reception,0.0,0.0,0.0,"Team run for no gain Team fumbled, recovered by Kent Yusuf Corker for a TD (Chance Poore KICK)",FUMBLE_RETURN_TD,
n50_verification,Fumble Recovery (Opponent),401112106,401112106104856301,0,3,4,14:36,Nicholls,Kansas State,7,42,Rush,Kansas State,28.0,7.0,Pass Reception,14.0,0.0,14.0,"Julien Gums run for no gain Julien Gums fumbled, forced by Jonathan Alexander, recovered by KanSt Jonathan Alexander  , return for 25 yds, (Blake Lynch KICK)",FUMBLE_RETURN_TD,
n50_verification,Fumble Recovery (Opponent),401114193,401114193103979701,0,1,3,2:2,Nevada,Oregon,6,63,Pass Reception,Oregon,56.0,6.0,Kickoff,7.0,0.0,7.0,"Kelton Moore run for 4 yds Kelton Moore fumbled, forced by DJ Johnson, recovered by Oregn Brady Breeze  , return for 11 yds, (Adam Stack KICK)",FUMBLE_RETURN_TD,
n50_verification,Fumble Recovery (Opponent),401119282,401119282101986901,0,16,1,1:30,Central Michigan,Bowling Green,7,7,Pass Incompletion,Central Michigan,14.0,7.0,Rushing Touchdown,-7.0,0.0,7.0,"Tommy Lazzaro run for 1 yd Tommy Lazzaro fumbled, forced by Kholbe Coleman, recovered by BwGrn Caleb Biggers  , return for 100 yds, (Nate Needham KICK)",FUMBLE_RETURN_TD,
n50_verification,Fumble Recovery (Opponent),401135263,401135263104948301,0,1,4,5:16,Central Michigan,San Diego State,11,48,Rush,San Diego State,41.0,11.0,Kickoff,7.0,0.0,7.0,"Kobe Lewis run for 11 yds Kobe Lewis fumbled, recovered by SDSt Darren Hall  , return for 20 yds, (Matt Araiza KICK)",FUMBLE_RETURN_TD,
n50_verification,Fumble Recovery (Opponent),401135288,401135288103884201,0,9,3,11:57,Wisconsin,Oregon,17,21,Pass Reception,Wisconsin,10.0,14.0,Rush,7.0,7.0,14.0,"Anthony Lotti run for a loss of 10 yards Anthony Lotti fumbled, recovered by Oregn Brady Breeze  , return for 31 yds (Camden Lewis KICK)",FUMBLE_RETURN_TD,
n50_verification,Fumble Recovery (Opponent),401234657,401234657103987101,0,2,3,1:28,Virginia Tech,Clemson,10,31,Rush,Clemson,17.0,10.0,Rush,14.0,0.0,14.0,"Hendon Hooker run for a loss of 4 yards Hendon Hooker fumbled, recovered by Clem Derion Kendrick  , return for 66 yds (B.T. Potter KICK)",FUMBLE_RETURN_TD,
n50_verification,Fumble Recovery (Opponent),401236037,401236037101895201,0,7,1,10:47,TCU,Oklahoma State,0,7,Pass Incompletion,TCU,21.0,22.0,Rushing Touchdown,-21.0,-15.0,36.0,"Zach Evans run for no gain Zach Evans fumbled, forced by Malcolm Rodriguez, recovered by OKSt Brock Martin  , return for 42 yds (Ben Freehill KICK)",FUMBLE_RETURN_TD,
n50_verification,Fumble Recovery (Opponent),401237103,401237103101858201,0,3,1,14:17,Georgia,Tennessee,0,7,Pass Reception,Tennessee,21.0,44.0,Rush,-14.0,-44.0,58.0,"TEAM run for a loss of 30 yards TEAM fumbled, recovered by Tenn Kivon Bennett for a TD (Brent Cimaglia KICK)",FUMBLE_RETURN_TD,
n50_verification,Fumble Recovery (Opponent),401237492,401237492101984801,0,2,1,1:51,The Citadel,Clemson,0,28,Rush,Clemson,14.0,0.0,Rush,14.0,0.0,14.0,"Cooper Wallace run for a loss of 8 yards Cooper Wallace fumbled, recovered by Clem James Skalski  , return for 17 yds (B.T. Potter KICK)",FUMBLE_RETURN_TD,
n50_verification,Fumble Recovery (Opponent),401240996,401240996101859001,0,4,1,14:9,Cincinnati,Army,0,7,Rush,Cincinnati,24.0,10.0,Pass Reception,-24.0,-3.0,27.0,"Desmond Ridder run for a loss of 1 yard Desmond Ridder fumbled, recovered by Army Jabari Moore  , return for 41 yds (Landon Salyers KICK)",FUMBLE_RETURN_TD,
n50_verification,Fumble Recovery (Opponent),401249884,401249884103868601,0,5,3,13:13,Northern Illinois,Eastern Michigan,10,26,Safety,Eastern Michigan,41.0,26.0,Pass Incompletion,-15.0,-16.0,31.0,"Ross Bowers pass complete to Dennis Robinson for 7 yds for a TD Dennis Robinson fumbled, forced by Kempton Shine, recovered by EMich Mark Lee Jr.  , return for 61 yds",FUMBLE_RETURN_TD,
n50_verification,Fumble Recovery (Opponent),401257813,401257813103994501,0,3,3,0:54,Southern Miss,Florida Atlantic,38,31,Rush,Southern Miss,31.0,17.0,Sack,7.0,14.0,21.0,"Trey Lowe run for a loss of 6 yards Trey Lowe fumbled, recovered by FlAtl Armani-Eli Adams  , return for 43 yds, (Vladimir Rivas KICK)",FUMBLE_RETURN_TD,
n50_verification,Fumble Recovery (Opponent),401282754,401282754103949101,0,1,3,5:8,Iowa State,Iowa,10,21,Pass Reception,Iowa,14.0,10.0,Kickoff,7.0,0.0,7.0,"Breece Hall run for no gain Breece Hall fumbled, forced by Jestin Jacobs, recovered by Iowa Jack Campbell  , return for 6 yds (Caleb Shudak KICK)",FUMBLE_RETURN_TD,
n50_verification,Fumble Recovery (Opponent),401404043,401404043103868501,0,1,3,13:14,Oregon,Utah,17,10,Kickoff,Oregon,17.0,3.0,Kickoff Return (Offense),0.0,7.0,7.0,"Dont'e Thornton run for a loss of 3 yards Dont'e Thornton fumbled, recovered by Utah Karene Reid  , return for 11 yds, (Jordan Noyes KICK)",FUMBLE_RETURN_TD,
n50_verification,Fumble Recovery (Opponent),401404113,401404113104957401,0,5,4,4:25,TCU,Texas,17,10,Pass Incompletion,Texas,3.0,17.0,Pass Reception,7.0,0.0,7.0,"Max Duggan run for a loss of 19 yards Max Duggan fumbled, recovered by Texas Jahdae Barron  , return for 48 yds, (Bert Auburn KICK)",FUMBLE_RETURN_TD,
n50_verification,Fumble Recovery (Opponent),401520159,401520159102934101,0,9,2,6:58,Ball State,Kentucky,7,17,Pass Reception,Kentucky,3.0,7.0,Rush,14.0,0.0,14.0,"Layne Hatcher pass complete to Tanner Koziol for 9 yds for a TD Tanner Koziol fumbled, recovered by UK Jalen Geiger for a TD (Alex Raynor KICK)",FUMBLE_RETURN_TD,
n50_verification,Fumble Recovery (Opponent),401628983,401628983103958101,0,4,3,4:18,Navy,Notre Dame,14,44,Penalty,Notre Dame,31.0,14.0,Rush,13.0,0.0,13.0,"Blake Horvath run for a loss of 8 yards Blake Horvath fumbled, recovered by ND Jaylen Sneed for a TD (Eric Goins PAT MISSED)",FUMBLE_RETURN_TD,
n50_verification,Kickoff,400603857,400603857102995401,0,1,2,0:45,Western Carolina,Tennessee,3,41,Kickoff,Tennessee,34.0,0.0,Kickoff,7.0,3.0,10.0,"Blake Metcalf kickoff for 53 yds , Evan Berry return for 88 yds for a TD, (Aaron Medley KICK)",KICKOFF_RETURN_TD,
n50_verification,Kickoff,400603903,400603903102927201,0,1,2,7:27,LSU,South Carolina,14,10,Rush,LSU,7.0,3.0,Kickoff,7.0,7.0,14.0,"Cameron Gamble kickoff for 61 yds , Rashad Fenton return for 96 yds for a TD, (Elliott Fry KICK)",KICKOFF_RETURN_TD,
n50_verification,Kickoff,400757061,400757061103964601,0,1,3,3:53,Arizona State,Oregon,31,27,Kickoff,Oregon,20.0,24.0,Kickoff,7.0,7.0,14.0,"Zane Gonzalez kickoff for 65 yds , Charles Nelson return for 100 yds for a TD, (Aidan Schneider KICK)",KICKOFF_RETURN_TD,
n50_verification,Kickoff,400944987,400944987101855201,0,1,1,14:47,Northern Illinois,San Diego State,0,7,,,,,Kickoff,,,,"Christian Hagan kickoff for 61 yds , Juwan Washington return for 96 yds for a TD, (John Baron II KICK)",KICKOFF_RETURN_TD,
n50_verification,Kickoff,400953400,400953400101855102,0,1,1,14:48,Navy,Virginia,0,7,,,,,Kickoff,,,,Joe Reed 98 Yd Kickoff Return (A.J. Mejia Kick),EXCEPTION,unrecognized kickoff template: 'Joe Reed 98 Yd Kickoff Return (A.J. Mejia Kick)'
n50_verification,Kickoff,401012293,401012293101855301,0,1,1,14:46,Arkansas,Texas A&M,0,7,,,,,Kickoff,,,,"Connor Limpert kickoff for 65 yds , Jashaun Corbin return for 100 yds for a TD (Seth Small KICK)",KICKOFF_RETURN_TD,
n50_verification,Kickoff,401012328,401012328101855601,0,1,1,14:43,Ole Miss,South Carolina,0,7,,,,,Kickoff,,,,"Luke Logan kickoff for 55 yds , Deebo Samuel return for 90 yds for a TD (Parker White KICK) OLE MISS Penalty, Defensive offside ( Yards) declined",KICKOFF_RETURN_TD,
n50_verification,Kickoff,401012347,401012347101854801,0,1,1,14:51,UAB,Texas A&M,0,7,,,,,Kickoff,,,,"kickoff for 61 yds , Andre Wilson return for 9 yds Andre Wilson fumbled, forced by Brian Johnson, recovered by TexAM Larry Pryor  , return for 17 yds",EXCEPTION,"unrecognized kickoff template: 'kickoff for 61 yds , Andre Wilson return for 9 yds Andre Wilson fumbled, forced by Brian Johnson, recovered by TexAM Larry Pryor  , return for 17 yds'"
n50_verification,Kickoff,401012352,401012352101996701,0,1,1,0:32,Georgia,Georgia Tech,14,7,Kickoff,Georgia,21.0,7.0,Rush,-7.0,0.0,7.0,"Rodrigo Blankenship kickoff for 65 yds , Juanyeh Thomas return for 100 yds for a TD (Wesley Wells KICK)",KICKOFF_RETURN_TD,
n50_verification,Kickoff,401012745,401012745102884301,0,1,2,11:56,Eastern Washington,Washington State,3,21,Kickoff,Washington State,14.0,0.0,Kickoff,7.0,3.0,10.0,"Andre Slyter kickoff for 65 yds , Travell Harris return for 100 yds for a TD (Blake Mazza KICK)",KICKOFF_RETURN_TD,
n50_verification,Kickoff,401012811,401012811101886901,0,1,1,11:30,Illinois,Maryland,3,7,Rush,Illinois,0.0,0.0,Kickoff,3.0,7.0,10.0,"Chase McLaughlin kickoff for 62 yds , Javon Leake return for 97 yds for a TD (Joseph Petrino KICK)",KICKOFF_RETURN_TD,
n50_verification,Kickoff,401013100,401013100101956101,0,1,1,4:38,Georgia Tech,South Florida,10,14,Kickoff,South Florida,7.0,3.0,Kickoff,7.0,7.0,14.0,"Shawn Davis kickoff for 62 yds , Terrence Horne return for 97 yds for a TD (Coby Weiss KICK)",KICKOFF_RETURN_TD,
n50_verification,Kickoff,401013156,401013156104999901,0,1,4,0:0,Pittsburgh,Duke,54,45,Pass Reception,Pittsburgh,45.0,45.0,Rush,9.0,0.0,9.0,"Alex Kessman kickoff for 51 yds for a SAFETY , Johnathan Lloyd return for no gain Johnathan Lloyd fumbled, recovered by Duke for a SAFETY",EXCEPTION_SAFETY,"safety on kickoff-typed scoring play: 'Alex Kessman kickoff for 51 yds for a SAFETY , Johnathan Lloyd return for no gain Johnathan Lloyd fumbled, recovered by Duke for a SAFETY'"
n50_verification,Kickoff,401013360,401013360101855201,0,1,1,14:47,Charlotte,Massachusetts,0,7,,,,,Kickoff,,,,"Jonathan Cruz kickoff for 58 yds , Marquis Young return for 93 yds for a TD (Mike Caggiano KICK)",KICKOFF_RETURN_TD,
n50_verification,Kickoff,401013445,401013445101855201,0,1,1,14:47,Alcorn State,New Mexico State,0,7,,,,,Kickoff,,,,"Corey McCullough kickoff for 64 yds , Jason Huntley return for 99 yds for a TD (Dylan Brown KICK)",KICKOFF_RETURN_TD,
n50_verification,Kickoff,401020750,401020750101855201,0,1,1,14:47,Western Michigan,Miami (OH),0,7,,,,,Kickoff,,,,"Cameron Braaten kickoff for 64 yds , Maurice Thomas return for 99 yds for a TD, (Samuel Sloman KICK)",KICKOFF_RETURN_TD,
n50_verification,Kickoff,401022522,401022522104869901,0,1,4,13:0,Air Force,Utah State,31,35,Rush,Air Force,17.0,35.0,Kickoff,14.0,0.0,14.0,"Jake Koehnke kickoff for 65 yds , Savon Scarver return for 21 yds Savon Scarver fumbled, forced by Christopher Musselman, recovered by AFA Christopher Musselman  , return for 21 yds",EXCEPTION,"unrecognized kickoff template: 'Jake Koehnke kickoff for 65 yds , Savon Scarver return for 21 yds Savon Scarver fumbled, forced by Christopher Musselman, recovered by AFA Christopher Musselman  , return for 21 yds'"
n50_verification,Kickoff,401032063,401032063102889501,0,1,2,11:4,Wake Forest,Memphis,10,28,Kickoff,Memphis,21.0,7.0,Kickoff,7.0,3.0,10.0,"Darren Ford kickoff for 62 yds , Tony Pollard return for 97 yds for a TD (Riley Patterson KICK)",KICKOFF_RETURN_TD,
n50_verification,Kickoff,401112200,401112200102915801,0,1,2,8:41,Nebraska,Iowa,10,24,Rush,Iowa,0.0,0.0,Rush,24.0,10.0,34.0,"Barret Pickering kickoff for 60 yds , Ihmir Smith-Marsette return for 95 yds for a TD (Keith Duncan KICK)",KICKOFF_RETURN_TD,
n50_verification,Kickoff,401112208,401112208103988101,0,1,3,1:18,Michigan,Maryland,35,7,Pass Incompletion,Michigan,28.0,0.0,Kickoff,7.0,7.0,14.0,"Jake Moody kickoff for 62 yds , Javon Leake return for 97 yds for a TD (Joseph Petrino KICK)",KICKOFF_RETURN_TD,
n50_verification,Kickoff,401112515,401112515104906501,0,1,4,9:34,Wake Forest,Duke,26,27,Kickoff,Wake Forest,32.0,27.0,Kickoff,-6.0,0.0,6.0,"Zach Murphy kickoff for 63 yds , Damond Philyaw-Johnson return for 98 yds for a TD (AJ Reed KICK)",KICKOFF_RETURN_TD,
n50_verification,Kickoff,401114199,401114199101975201,0,1,1,2:47,Oregon State,Oregon,3,10,Kickoff,Oregon State,0.0,0.0,Pass Incompletion,3.0,10.0,13.0,"Jordan Choukair kickoff for 63 yds , Mykael Wright return for 98 yds for a TD (Camden Lewis KICK)",KICKOFF_RETURN_TD,
n50_verification,Kickoff,401114303,401114303102856601,0,1,2,14:33,North Texas,UTEP,24,14,Rush,North Texas,21.0,7.0,Kickoff,3.0,7.0,10.0,"Alvin Kenworthy kickoff for 65 yds , Duron Lowe return for 100 yds for a TD (Gavin Baechle KICK)",KICKOFF_RETURN_TD,
n50_verification,Kickoff,401117913,401117913101855101,0,1,1,14:48,Cincinnati,Memphis,0,7,Rush,Cincinnati,24.0,27.0,Kickoff,-24.0,-20.0,44.0,"Ryan Jones kickoff for 59 yds , Chris Claybrooks return for 94 yds for a TD (Riley Patterson KICK)",KICKOFF_RETURN_TD,
n50_verification,Kickoff,401119313,401119313103855101,0,1,3,14:48,Eastern Michigan,Kent State,14,31,Kickoff,Eastern Michigan,14.0,14.0,Kickoff,0.0,17.0,17.0,"Chad Ryland kickoff for 61 yds , Jamal Parker return for 96 yds for a TD (Matthew Trickett KICK)",KICKOFF_RETURN_TD,
n50_verification,Kickoff,401135287,401135287101937601,0,1,1,6:23,Minnesota,Auburn,3,10,Kickoff,Auburn,3.0,0.0,Kickoff,7.0,3.0,10.0,"Grant Ryerse kickoff for 61 yds , Noah Igbinoghene return for 96 yds for a TD (Anders Carlson KICK)",KICKOFF_RETURN_TD,
n50_verification,Kickoff,401135288,401135288101905801,0,1,1,9:41,Oregon,Wisconsin,7,7,Kickoff,Wisconsin,0.0,0.0,Kickoff,7.0,7.0,14.0,"Camden Lewis kickoff for 60 yds , Aron Cruickshank return for 95 yds for a TD (Collin Larsh KICK)",KICKOFF_RETURN_TD,
n50_verification,Kickoff,401207145,401207145104886701,0,1,4,11:32,Louisiana Tech,UTEP,21,17,Rush,Louisiana Tech,14.0,10.0,Kickoff,7.0,7.0,14.0,"Gabe Siemieniec kickoff for 65 yds , Duron Lowe return for 100 yds for a TD (Gavin Baechle KICK)",KICKOFF_RETURN_TD,
n50_verification,Kickoff,401207181,401207181102898001,0,1,2,10:19,Western Kentucky,Florida International,3,13,Rush,Western Kentucky,0.0,7.0,Kickoff,3.0,6.0,9.0,"Cory Munson kickoff for 65 yds , EJ Wilson Jr. return for 100 yds for a TD (Chase Gabriel PAT MISSED)",KICKOFF_RETURN_TD,
n50_verification,Kickoff,401207200,401207200104957901,0,1,4,4:20,Tulane,Army,38,12,Rush,Tulane,24.0,12.0,Kickoff,14.0,0.0,14.0,"Merek Glover kickoff for 65 yds , Tyrell Robinson return for 10 yds Tyrell Robinson fumbled, recovered by Tulan Jaetavian Toles  , return for 8 yds (Merek Glover KICK)",EXCEPTION,"unrecognized kickoff template: 'Merek Glover kickoff for 65 yds , Tyrell Robinson return for 10 yds Tyrell Robinson fumbled, recovered by Tulan Jaetavian Toles  , return for 8 yds (Merek Glover KICK)'"
n50_verification,Kickoff,401234630,401234630103955401,0,1,3,4:45,Miami,NC State,31,38,Kickoff,NC State,31.0,24.0,Kickoff,7.0,7.0,14.0,"Jose Borregales kickoff for 65 yds , Zonovan Knight return for 100 yds for a TD (Christopher Dunn KICK)",KICKOFF_RETURN_TD,
n50_verification,Kickoff,401234655,401234655101927401,0,1,1,7:25,NC State,Syracuse,7,7,Pass Reception,NC State,0.0,0.0,Sack,7.0,7.0,14.0,"Trenton Gill kickoff for 63 yds , Trebor Pena return for 98 yds for a TD (Andre Szmyt KICK)",KICKOFF_RETURN_TD,
n50_verification,Kickoff,401247324,401247324103855001,0,1,3,14:49,Rutgers,Michigan,17,14,Pass Reception,Michigan,7.0,17.0,Kickoff,7.0,0.0,7.0,"Justin Davidovicz kickoff for 60 yds , Giles Jackson return for 95 yds for a TD, (Quinn Nordin KICK)",KICKOFF_RETURN_TD,
n50_verification,Kickoff,401249017,401249017103894501,0,1,3,10:54,Hawai'i,Boise State,9,26,Kickoff,Boise State,19.0,3.0,Kickoff,7.0,6.0,13.0,"Matthew Shipley kickoff for 64 yds , Avery Williams return for 99 yds for a TD (Jonah Dalmas KICK)",KICKOFF_RETURN_TD,
n50_verification,Kickoff,401249860,401249860103855401,0,1,3,14:45,Central Michigan,Ohio,20,27,Pass Reception,Ohio,20.0,20.0,Kickoff,7.0,0.0,7.0,"Marshall Meeder kickoff for 58 yds , De'Montre Tuggle return for 93 yds for a TD (Tristian Vandenberg KICK)",KICKOFF_RETURN_TD,
n50_verification,Kickoff,401267165,401267165102879601,0,1,2,12:3,LSU,Ole Miss,17,14,Rush,LSU,10.0,7.0,Kickoff,7.0,7.0,14.0,"Avery Atkins kickoff for 65 yds ,  return for 100 yds for a TD ( KICK)",KICKOFF_RETURN_TD,
n50_verification,Kickoff,401282701,401282701101917402,0,1,1,8:25,Miami,Duke,-1,-1,Kickoff,Duke,3.0,0.0,Kickoff,-4.0,-1.0,5.0,"Andres Borregales kickoff for 59 yds , Jaylen Stinson return for 94 yds for a TD",KICKOFF_RETURN_TD,
n50_verification,Kickoff,401282770,401282770103956101,0,1,3,4:38,Maryland,Michigan,10,38,Kickoff,Michigan,31.0,3.0,Kickoff,7.0,7.0,14.0,"Joseph Petrino kickoff for 44 yds , Michael Barrett return for no gain , A.J. Henning return for 79 yds for a TD (Jake Moody KICK)",KICKOFF_RETURN_TD,
n50_verification,Kickoff,401282803,401282803101855201,0,1,1,14:47,Nebraska,Wisconsin,0,7,,,,,Kickoff,,,,"Brendan Franke kickoff for 56 yds , Stephan Bracey return for 91 yds for a TD (Collin Larsh KICK)",KICKOFF_RETURN_TD,
n50_verification,Kickoff,401287951,401287951102856101,0,1,2,14:38,Oklahoma,Oklahoma State,14,21,Kickoff,Oklahoma State,14.0,7.0,Kickoff,7.0,7.0,14.0,"Gabe Brkic kickoff for 65 yds , Brennan Presley return for 100 yds for a TD (Tanner Brown KICK)",KICKOFF_RETURN_TD,
n50_verification,Kickoff,401301038,401301038101855201,0,1,1,14:47,Houston,South Florida,0,7,,,,,Kickoff,,,,"Bubba Baxa kickoff for 65 yds , Brian Battie return for 100 yds for a TD, (Spencer Shrader KICK)",KICKOFF_RETURN_TD,
n50_verification,Kickoff,401301038,401301038102978301,0,1,2,2:16,Houston,South Florida,26,28,Pass Reception,Houston,19.0,21.0,Kickoff,7.0,7.0,14.0,"Bubba Baxa kickoff for 65 yds , Brian Battie return for 100 yds for a TD, (Spencer Shrader KICK)",KICKOFF_RETURN_TD,
n50_verification,Kickoff,401301047,401301047104916601,0,1,4,8:33,East Carolina,Navy,27,35,Kickoff,Navy,28.0,24.0,Kickoff,7.0,3.0,10.0,"Owen Daffer kickoff for 63 yds , Maquel Haywood return for 98 yds for a TD (Bijan Nichols KICK)",KICKOFF_RETURN_TD,
n50_verification,Kickoff,401309629,401309629102939301,0,1,2,6:6,South Alabama,Arkansas State,28,7,Rush,South Alabama,21.0,0.0,Kickoff,7.0,7.0,14.0,"Diego Guajardo kickoff for 65 yds , Alan Lamar return for 100 yds for a TD (Blake Grupe KICK)",KICKOFF_RETURN_TD,
n50_verification,Kickoff,401426572,401426572101968101,0,1,1,3:18,Texas Southern,UTSA,7,7,Pass Reception,Texas Southern,0.0,7.0,Rush,7.0,0.0,7.0,"Richard Garcia III kickoff for 62 yds , Chris Carpenter return for 97 yds for a TD, (Jared Sackett KICK)",KICKOFF_RETURN_TD,
n50_verification,Kickoff,401442031,401442031104969601,0,1,4,3:3,Ole Miss,Texas Tech,25,42,Pass Incompletion,Ole Miss,19.0,35.0,Kickoff,6.0,7.0,13.0,"Jonathan Cruz kickoff for 9 yds , Loic Fouonji return for 44 yds for a TD (Trey Wolff KICK)",KICKOFF_RETURN_TD,
n50_verification,Kickoff,401525855,401525855101917402,0,1,1,8:25,Houston,Texas Tech,7,7,Kickoff,Texas Tech,0.0,0.0,Kickoff,7.0,7.0,14.0,Drae McCray 100 Yd Kickoff Return (Gino Garcia Kick),EXCEPTION,unrecognized kickoff template: 'Drae McCray 100 Yd Kickoff Return (Gino Garcia Kick)'
n50_verification,Kickoff,401644730,-2122,0,2,1,5:55,Central Connecticut,Central Michigan,7,14,Rush,Central Connecticut,0.0,7.0,Pass Reception,7.0,7.0,14.0,J.Barnum kicks 57 yards from CCSU 30 to the CMC 13. S.Bracey returns the kickoff. TOUCHDOWN.,EXCEPTION,unrecognized kickoff template: 'J.Barnum kicks 57 yards from CCSU 30 to the CMC 13. S.Bracey returns the kickoff. TOUCHDOWN.'
n50_verification,Kickoff,401677104,401677104102987101,0,9,2,1:28,Baylor,LSU,14,34,Blocked Field Goal,LSU,28.0,7.0,Pass Reception,6.0,7.0,13.0,"Jack Stone kickoff for 60 yds , Zavion Thomas return for 95 yds for a TD (Damian Ramos PAT MISSED)",KICKOFF_RETURN_TD,
n50_verification,Kickoff,401677184,401677184103855400,0,3,3,14:45,Georgia,Notre Dame,3,20,Timeout,Notre Dame,3.0,3.0,Pass Reception,17.0,0.0,17.0,"Peyton Woodring kickoff for 63 yds , Jayden Harrison return for 98 yds for a TD (Mitch Jeter KICK)",KICKOFF_RETURN_TD,
