season,season_type,field,n_games,pct_non_null
2015,postseason,attendance,41,100.0
2015,postseason,awayClassification,41,100.0
2015,postseason,awayConference,41,100.0
2015,postseason,awayId,41,100.0
2015,postseason,awayLineScores,41,100.0
2015,postseason,awayPoints,41,100.0
2015,postseason,awayPostgameElo,41,100.0
2015,postseason,awayPostgameWinProbability,41,100.0
2015,postseason,awayPregameElo,41,100.0
2015,postseason,awayTeam,41,100.0
2015,postseason,away_class,41,100.0
2015,postseason,away_class_unrecognized,41,100.0
2015,postseason,away_ls_len,41,100.0
2015,postseason,classification_unrecognized,41,100.0
2015,postseason,completed,41,100.0
2015,postseason,conferenceGame,41,100.0
2015,postseason,excitementIndex,41,100.0
2015,postseason,excluded_for_canceled_or_shortened,41,100.0
2015,postseason,excluded_for_fcs_opponent,41,100.0
2015,postseason,excluded_for_no_spread,41,100.0
2015,postseason,excluded_for_not_completed,41,100.0
2015,postseason,fbs_vs_fbs,41,100.0
2015,postseason,fbs_vs_fcs,41,100.0
2015,postseason,has_any_opening_spread,41,100.0
2015,postseason,has_any_spread,41,100.0
2015,postseason,has_lines_entry,41,100.0
2015,postseason,has_open_and_close,41,100.0
2015,postseason,has_pregame_elo_both,41,100.0
2015,postseason,highlights,41,100.0
2015,postseason,homeClassification,41,100.0
2015,postseason,homeConference,41,100.0
2015,postseason,homeId,41,100.0
2015,postseason,homeLineScores,41,100.0
2015,postseason,homePoints,41,100.0
2015,postseason,homePostgameElo,41,100.0
2015,postseason,homePostgameWinProbability,41,100.0
2015,postseason,homePregameElo,41,100.0
2015,postseason,homeTeam,41,100.0
2015,postseason,home_class,41,100.0
2015,postseason,home_class_unrecognized,41,100.0
2015,postseason,home_ls_len,41,100.0
2015,postseason,id,41,100.0
2015,postseason,likely_ot,41,100.0
2015,postseason,n_providers,41,100.0
2015,postseason,neutralSite,41,100.0
2015,postseason,notes,41,85.37
2015,postseason,passes_exclusion_filter,41,100.0
2015,postseason,season,41,100.0
2015,postseason,seasonType,41,100.0
2015,postseason,shortened_or_canceled,41,100.0
2015,postseason,startDate,41,100.0
2015,postseason,startTimeTBD,41,100.0
2015,postseason,venue,41,100.0
2015,postseason,venueId,41,100.0
2015,postseason,week,41,100.0
2015,regular,attendance,829,100.0
2015,regular,awayClassification,829,100.0
2015,regular,awayConference,829,100.0
2015,regular,awayId,829,100.0
2015,regular,awayLineScores,829,100.0
2015,regular,awayPoints,829,100.0
2015,regular,awayPostgameElo,829,87.7
2015,regular,awayPostgameWinProbability,829,100.0
2015,regular,awayPregameElo,829,87.7
2015,regular,awayTeam,829,100.0
2015,regular,away_class,829,100.0
2015,regular,away_class_unrecognized,829,100.0
2015,regular,away_ls_len,829,100.0
2015,regular,classification_unrecognized,829,100.0
2015,regular,completed,829,100.0
2015,regular,conferenceGame,829,100.0
2015,regular,excitementIndex,829,99.16
2015,regular,excluded_for_canceled_or_shortened,829,100.0
2015,regular,excluded_for_fcs_opponent,829,100.0
2015,regular,excluded_for_no_spread,829,100.0
2015,regular,excluded_for_not_completed,829,100.0
2015,regular,fbs_vs_fbs,829,100.0
2015,regular,fbs_vs_fcs,829,100.0
2015,regular,has_any_opening_spread,829,100.0
2015,regular,has_any_spread,829,100.0
2015,regular,has_lines_entry,829,100.0
2015,regular,has_open_and_close,829,100.0
2015,regular,has_pregame_elo_both,829,100.0
2015,regular,highlights,829,100.0
2015,regular,homeClassification,829,100.0
2015,regular,homeConference,829,100.0
2015,regular,homeId,829,100.0
2015,regular,homeLineScores,829,100.0
2015,regular,homePoints,829,100.0
2015,regular,homePostgameElo,829,87.7
2015,regular,homePostgameWinProbability,829,100.0
2015,regular,homePregameElo,829,87.7
2015,regular,homeTeam,829,100.0
2015,regular,home_class,829,100.0
2015,regular,home_class_unrecognized,829,100.0
2015,regular,home_ls_len,829,100.0
2015,regular,id,829,100.0
2015,regular,likely_ot,829,100.0
2015,regular,n_providers,829,100.0
2015,regular,neutralSite,829,100.0
2015,regular,notes,829,0.36
2015,regular,passes_exclusion_filter,829,100.0
2015,regular,season,829,100.0
2015,regular,seasonType,829,100.0
2015,regular,shortened_or_canceled,829,100.0
2015,regular,startDate,829,100.0
2015,regular,startTimeTBD,829,100.0
2015,regular,venue,829,100.0
2015,regular,venueId,829,100.0
2015,regular,week,829,100.0
2016,postseason,attendance,41,100.0
2016,postseason,awayClassification,41,100.0
2016,postseason,awayConference,41,100.0
2016,postseason,awayId,41,100.0
2016,postseason,awayLineScores,41,100.0
2016,postseason,awayPoints,41,100.0
2016,postseason,awayPostgameElo,41,100.0
2016,postseason,awayPostgameWinProbability,41,100.0
2016,postseason,awayPregameElo,41,100.0
2016,postseason,awayTeam,41,100.0
2016,postseason,away_class,41,100.0
2016,postseason,away_class_unrecognized,41,100.0
2016,postseason,away_ls_len,41,100.0
2016,postseason,classification_unrecognized,41,100.0
2016,postseason,completed,41,100.0
2016,postseason,conferenceGame,41,100.0
2016,postseason,excitementIndex,41,100.0
2016,postseason,excluded_for_canceled_or_shortened,41,100.0
2016,postseason,excluded_for_fcs_opponent,41,100.0
2016,postseason,excluded_for_no_spread,41,100.0
2016,postseason,excluded_for_not_completed,41,100.0
2016,postseason,fbs_vs_fbs,41,100.0
2016,postseason,fbs_vs_fcs,41,100.0
2016,postseason,has_any_opening_spread,41,100.0
2016,postseason,has_any_spread,41,100.0
2016,postseason,has_lines_entry,41,100.0
2016,postseason,has_open_and_close,41,100.0
2016,postseason,has_pregame_elo_both,41,100.0
2016,postseason,highlights,41,100.0
2016,postseason,homeClassification,41,100.0
2016,postseason,homeConference,41,100.0
2016,postseason,homeId,41,100.0
2016,postseason,homeLineScores,41,100.0
2016,postseason,homePoints,41,100.0
2016,postseason,homePostgameElo,41,100.0
2016,postseason,homePostgameWinProbability,41,100.0
2016,postseason,homePregameElo,41,100.0
2016,postseason,homeTeam,41,100.0
2016,postseason,home_class,41,100.0
2016,postseason,home_class_unrecognized,41,100.0
2016,postseason,home_ls_len,41,100.0
2016,postseason,id,41,100.0
2016,postseason,likely_ot,41,100.0
2016,postseason,n_providers,41,100.0
2016,postseason,neutralSite,41,100.0
2016,postseason,notes,41,75.61
2016,postseason,passes_exclusion_filter,41,100.0
2016,postseason,season,41,100.0
2016,postseason,seasonType,41,100.0
2016,postseason,shortened_or_canceled,41,100.0
2016,postseason,startDate,41,100.0
2016,postseason,startTimeTBD,41,100.0
2016,postseason,venue,41,100.0
2016,postseason,venueId,41,100.0
2016,postseason,week,41,100.0
2016,regular,attendance,832,100.0
2016,regular,awayClassification,832,100.0
2016,regular,awayConference,832,100.0
2016,regular,awayId,832,100.0
2016,regular,awayLineScores,832,100.0
2016,regular,awayPoints,832,100.0
2016,regular,awayPostgameElo,832,86.78
2016,regular,awayPostgameWinProbability,832,100.0
2016,regular,awayPregameElo,832,86.78
2016,regular,awayTeam,832,100.0
2016,regular,away_class,832,100.0
2016,regular,away_class_unrecognized,832,100.0
2016,regular,away_ls_len,832,100.0
2016,regular,classification_unrecognized,832,100.0
2016,regular,completed,832,100.0
2016,regular,conferenceGame,832,100.0
2016,regular,excitementIndex,832,98.08
2016,regular,excluded_for_canceled_or_shortened,832,100.0
2016,regular,excluded_for_fcs_opponent,832,100.0
2016,regular,excluded_for_no_spread,832,100.0
2016,regular,excluded_for_not_completed,832,100.0
2016,regular,fbs_vs_fbs,832,100.0
2016,regular,fbs_vs_fcs,832,100.0
2016,regular,has_any_opening_spread,832,100.0
2016,regular,has_any_spread,832,100.0
2016,regular,has_lines_entry,832,100.0
2016,regular,has_open_and_close,832,100.0
2016,regular,has_pregame_elo_both,832,100.0
2016,regular,highlights,832,100.0
2016,regular,homeClassification,832,100.0
2016,regular,homeConference,832,100.0
2016,regular,homeId,832,100.0
2016,regular,homeLineScores,832,100.0
2016,regular,homePoints,832,100.0
2016,regular,homePostgameElo,832,86.78
2016,regular,homePostgameWinProbability,832,100.0
2016,regular,homePregameElo,832,86.78
2016,regular,homeTeam,832,100.0
2016,regular,home_class,832,100.0
2016,regular,home_class_unrecognized,832,100.0
2016,regular,home_ls_len,832,100.0
2016,regular,id,832,100.0
2016,regular,likely_ot,832,100.0
2016,regular,n_providers,832,100.0
2016,regular,neutralSite,832,100.0
2016,regular,notes,832,3.97
2016,regular,passes_exclusion_filter,832,100.0
2016,regular,season,832,100.0
2016,regular,seasonType,832,100.0
2016,regular,shortened_or_canceled,832,100.0
2016,regular,startDate,832,100.0
2016,regular,startTimeTBD,832,100.0
2016,regular,venue,832,100.0
2016,regular,venueId,832,100.0
2016,regular,week,832,100.0
2017,postseason,attendance,40,100.0
2017,postseason,awayClassification,40,100.0
2017,postseason,awayConference,40,100.0
2017,postseason,awayId,40,100.0
2017,postseason,awayLineScores,40,100.0
2017,postseason,awayPoints,40,100.0
2017,postseason,awayPostgameElo,40,100.0
2017,postseason,awayPostgameWinProbability,40,100.0
2017,postseason,awayPregameElo,40,100.0
2017,postseason,awayTeam,40,100.0
2017,postseason,away_class,40,100.0
2017,postseason,away_class_unrecognized,40,100.0
2017,postseason,away_ls_len,40,100.0
2017,postseason,classification_unrecognized,40,100.0
2017,postseason,completed,40,100.0
2017,postseason,conferenceGame,40,100.0
2017,postseason,excitementIndex,40,100.0
2017,postseason,excluded_for_canceled_or_shortened,40,100.0
2017,postseason,excluded_for_fcs_opponent,40,100.0
2017,postseason,excluded_for_no_spread,40,100.0
2017,postseason,excluded_for_not_completed,40,100.0
2017,postseason,fbs_vs_fbs,40,100.0
2017,postseason,fbs_vs_fcs,40,100.0
2017,postseason,has_any_opening_spread,40,100.0
2017,postseason,has_any_spread,40,100.0
2017,postseason,has_lines_entry,40,100.0
2017,postseason,has_open_and_close,40,100.0
2017,postseason,has_pregame_elo_both,40,100.0
2017,postseason,highlights,40,100.0
2017,postseason,homeClassification,40,100.0
2017,postseason,homeConference,40,100.0
2017,postseason,homeId,40,100.0
2017,postseason,homeLineScores,40,100.0
2017,postseason,homePoints,40,100.0
2017,postseason,homePostgameElo,40,100.0
2017,postseason,homePostgameWinProbability,40,100.0
2017,postseason,homePregameElo,40,100.0
2017,postseason,homeTeam,40,100.0
2017,postseason,home_class,40,100.0
2017,postseason,home_class_unrecognized,40,100.0
2017,postseason,home_ls_len,40,100.0
2017,postseason,id,40,100.0
2017,postseason,likely_ot,40,100.0
2017,postseason,n_providers,40,100.0
2017,postseason,neutralSite,40,100.0
2017,postseason,notes,40,77.5
2017,postseason,passes_exclusion_filter,40,100.0
2017,postseason,season,40,100.0
2017,postseason,seasonType,40,100.0
2017,postseason,shortened_or_canceled,40,100.0
2017,postseason,startDate,40,100.0
2017,postseason,startTimeTBD,40,100.0
2017,postseason,venue,40,100.0
2017,postseason,venueId,40,100.0
2017,postseason,week,40,100.0
2017,regular,attendance,834,100.0
2017,regular,awayClassification,834,100.0
2017,regular,awayConference,834,100.0
2017,regular,awayId,834,100.0
2017,regular,awayLineScores,834,100.0
2017,regular,awayPoints,834,100.0
2017,regular,awayPostgameElo,834,88.49
2017,regular,awayPostgameWinProbability,834,100.0
2017,regular,awayPregameElo,834,88.49
2017,regular,awayTeam,834,100.0
2017,regular,away_class,834,100.0
2017,regular,away_class_unrecognized,834,100.0
2017,regular,away_ls_len,834,100.0
2017,regular,classification_unrecognized,834,100.0
2017,regular,completed,834,100.0
2017,regular,conferenceGame,834,100.0
2017,regular,excitementIndex,834,99.4
2017,regular,excluded_for_canceled_or_shortened,834,100.0
2017,regular,excluded_for_fcs_opponent,834,100.0
2017,regular,excluded_for_no_spread,834,100.0
2017,regular,excluded_for_not_completed,834,100.0
2017,regular,fbs_vs_fbs,834,100.0
2017,regular,fbs_vs_fcs,834,100.0
2017,regular,has_any_opening_spread,834,100.0
2017,regular,has_any_spread,834,100.0
2017,regular,has_lines_entry,834,100.0
2017,regular,has_open_and_close,834,100.0
2017,regular,has_pregame_elo_both,834,100.0
2017,regular,highlights,834,100.0
2017,regular,homeClassification,834,100.0
2017,regular,homeConference,834,100.0
2017,regular,homeId,834,100.0
2017,regular,homeLineScores,834,100.0
2017,regular,homePoints,834,100.0
2017,regular,homePostgameElo,834,88.49
2017,regular,homePostgameWinProbability,834,100.0
2017,regular,homePregameElo,834,88.49
2017,regular,homeTeam,834,100.0
2017,regular,home_class,834,100.0
2017,regular,home_class_unrecognized,834,100.0
2017,regular,home_ls_len,834,100.0
2017,regular,id,834,100.0
2017,regular,likely_ot,834,100.0
2017,regular,n_providers,834,100.0
2017,regular,neutralSite,834,100.0
2017,regular,notes,834,1.68
2017,regular,passes_exclusion_filter,834,100.0
2017,regular,season,834,100.0
2017,regular,seasonType,834,100.0
2017,regular,shortened_or_canceled,834,100.0
2017,regular,startDate,834,100.0
2017,regular,startTimeTBD,834,100.0
2017,regular,venue,834,100.0
2017,regular,venueId,834,100.0
2017,regular,week,834,100.0
2018,postseason,attendance,39,100.0
2018,postseason,awayClassification,39,100.0
2018,postseason,awayConference,39,100.0
2018,postseason,awayId,39,100.0
2018,postseason,awayLineScores,39,100.0
2018,postseason,awayPoints,39,100.0
2018,postseason,awayPostgameElo,39,100.0
2018,postseason,awayPostgameWinProbability,39,100.0
2018,postseason,awayPregameElo,39,100.0
2018,postseason,awayTeam,39,100.0
2018,postseason,away_class,39,100.0
2018,postseason,away_class_unrecognized,39,100.0
2018,postseason,away_ls_len,39,100.0
2018,postseason,classification_unrecognized,39,100.0
2018,postseason,completed,39,100.0
2018,postseason,conferenceGame,39,100.0
2018,postseason,excitementIndex,39,100.0
2018,postseason,excluded_for_canceled_or_shortened,39,100.0
2018,postseason,excluded_for_fcs_opponent,39,100.0
2018,postseason,excluded_for_no_spread,39,100.0
2018,postseason,excluded_for_not_completed,39,100.0
2018,postseason,fbs_vs_fbs,39,100.0
2018,postseason,fbs_vs_fcs,39,100.0
2018,postseason,has_any_opening_spread,39,100.0
2018,postseason,has_any_spread,39,100.0
2018,postseason,has_lines_entry,39,100.0
2018,postseason,has_open_and_close,39,100.0
2018,postseason,has_pregame_elo_both,39,100.0
2018,postseason,highlights,39,100.0
2018,postseason,homeClassification,39,100.0
2018,postseason,homeConference,39,100.0
2018,postseason,homeId,39,100.0
2018,postseason,homeLineScores,39,100.0
2018,postseason,homePoints,39,100.0
2018,postseason,homePostgameElo,39,100.0
2018,postseason,homePostgameWinProbability,39,100.0
2018,postseason,homePregameElo,39,100.0
2018,postseason,homeTeam,39,100.0
2018,postseason,home_class,39,100.0
2018,postseason,home_class_unrecognized,39,100.0
2018,postseason,home_ls_len,39,100.0
2018,postseason,id,39,100.0
2018,postseason,likely_ot,39,100.0
2018,postseason,n_providers,39,100.0
2018,postseason,neutralSite,39,100.0
2018,postseason,notes,39,79.49
2018,postseason,passes_exclusion_filter,39,100.0
2018,postseason,season,39,100.0
2018,postseason,seasonType,39,100.0
2018,postseason,shortened_or_canceled,39,100.0
2018,postseason,startDate,39,100.0
2018,postseason,startTimeTBD,39,100.0
2018,postseason,venue,39,100.0
2018,postseason,venueId,39,100.0
2018,postseason,week,39,100.0
2018,regular,attendance,845,100.0
2018,regular,awayClassification,845,100.0
2018,regular,awayConference,845,100.0
2018,regular,awayId,845,100.0
2018,regular,awayLineScores,845,100.0
2018,regular,awayPoints,845,100.0
2018,regular,awayPostgameElo,845,86.86
2018,regular,awayPostgameWinProbability,845,100.0
2018,regular,awayPregameElo,845,86.86
2018,regular,awayTeam,845,100.0
2018,regular,away_class,845,100.0
2018,regular,away_class_unrecognized,845,100.0
2018,regular,away_ls_len,845,100.0
2018,regular,classification_unrecognized,845,100.0
2018,regular,completed,845,100.0
2018,regular,conferenceGame,845,100.0
2018,regular,excitementIndex,845,99.64
2018,regular,excluded_for_canceled_or_shortened,845,100.0
2018,regular,excluded_for_fcs_opponent,845,100.0
2018,regular,excluded_for_no_spread,845,100.0
2018,regular,excluded_for_not_completed,845,100.0
2018,regular,fbs_vs_fbs,845,100.0
2018,regular,fbs_vs_fcs,845,100.0
2018,regular,has_any_opening_spread,845,100.0
2018,regular,has_any_spread,845,100.0
2018,regular,has_lines_entry,845,100.0
2018,regular,has_open_and_close,845,100.0
2018,regular,has_pregame_elo_both,845,100.0
2018,regular,highlights,845,100.0
2018,regular,homeClassification,845,100.0
2018,regular,homeConference,845,100.0
2018,regular,homeId,845,100.0
2018,regular,homeLineScores,845,100.0
2018,regular,homePoints,845,100.0
2018,regular,homePostgameElo,845,86.86
2018,regular,homePostgameWinProbability,845,100.0
2018,regular,homePregameElo,845,86.86
2018,regular,homeTeam,845,100.0
2018,regular,home_class,845,100.0
2018,regular,home_class_unrecognized,845,100.0
2018,regular,home_ls_len,845,100.0
2018,regular,id,845,100.0
2018,regular,likely_ot,845,100.0
2018,regular,n_providers,845,100.0
2018,regular,neutralSite,845,100.0
2018,regular,notes,845,3.31
2018,regular,passes_exclusion_filter,845,100.0
2018,regular,season,845,100.0
2018,regular,seasonType,845,100.0
2018,regular,shortened_or_canceled,845,100.0
2018,regular,startDate,845,100.0
2018,regular,startTimeTBD,845,100.0
2018,regular,venue,845,100.0
2018,regular,venueId,845,100.0
2018,regular,week,845,100.0
2019,postseason,attendance,40,100.0
2019,postseason,awayClassification,40,100.0
2019,postseason,awayConference,40,100.0
2019,postseason,awayId,40,100.0
2019,postseason,awayLineScores,40,100.0
2019,postseason,awayPoints,40,100.0
2019,postseason,awayPostgameElo,40,100.0
2019,postseason,awayPostgameWinProbability,40,100.0
2019,postseason,awayPregameElo,40,100.0
2019,postseason,awayTeam,40,100.0
2019,postseason,away_class,40,100.0
2019,postseason,away_class_unrecognized,40,100.0
2019,postseason,away_ls_len,40,100.0
2019,postseason,classification_unrecognized,40,100.0
2019,postseason,completed,40,100.0
2019,postseason,conferenceGame,40,100.0
2019,postseason,excitementIndex,40,100.0
2019,postseason,excluded_for_canceled_or_shortened,40,100.0
2019,postseason,excluded_for_fcs_opponent,40,100.0
2019,postseason,excluded_for_no_spread,40,100.0
2019,postseason,excluded_for_not_completed,40,100.0
2019,postseason,fbs_vs_fbs,40,100.0
2019,postseason,fbs_vs_fcs,40,100.0
2019,postseason,has_any_opening_spread,40,100.0
2019,postseason,has_any_spread,40,100.0
2019,postseason,has_lines_entry,40,100.0
2019,postseason,has_open_and_close,40,100.0
2019,postseason,has_pregame_elo_both,40,100.0
2019,postseason,highlights,40,100.0
2019,postseason,homeClassification,40,100.0
2019,postseason,homeConference,40,100.0
2019,postseason,homeId,40,100.0
2019,postseason,homeLineScores,40,100.0
2019,postseason,homePoints,40,100.0
2019,postseason,homePostgameElo,40,100.0
2019,postseason,homePostgameWinProbability,40,100.0
2019,postseason,homePregameElo,40,100.0
2019,postseason,homeTeam,40,100.0
2019,postseason,home_class,40,100.0
2019,postseason,home_class_unrecognized,40,100.0
2019,postseason,home_ls_len,40,100.0
2019,postseason,id,40,100.0
2019,postseason,likely_ot,40,100.0
2019,postseason,n_providers,40,100.0
2019,postseason,neutralSite,40,100.0
2019,postseason,notes,40,87.5
2019,postseason,passes_exclusion_filter,40,100.0
2019,postseason,season,40,100.0
2019,postseason,seasonType,40,100.0
2019,postseason,shortened_or_canceled,40,100.0
2019,postseason,startDate,40,100.0
2019,postseason,startTimeTBD,40,100.0
2019,postseason,venue,40,100.0
2019,postseason,venueId,40,100.0
2019,postseason,week,40,100.0
2019,regular,attendance,848,100.0
2019,regular,awayClassification,848,100.0
2019,regular,awayConference,848,100.0
2019,regular,awayId,848,100.0
2019,regular,awayLineScores,848,100.0
2019,regular,awayPoints,848,100.0
2019,regular,awayPostgameElo,848,86.67
2019,regular,awayPostgameWinProbability,848,100.0
2019,regular,awayPregameElo,848,86.67
2019,regular,awayTeam,848,100.0
2019,regular,away_class,848,100.0
2019,regular,away_class_unrecognized,848,100.0
2019,regular,away_ls_len,848,100.0
2019,regular,classification_unrecognized,848,100.0
2019,regular,completed,848,100.0
2019,regular,conferenceGame,848,100.0
2019,regular,excitementIndex,848,99.88
2019,regular,excluded_for_canceled_or_shortened,848,100.0
2019,regular,excluded_for_fcs_opponent,848,100.0
2019,regular,excluded_for_no_spread,848,100.0
2019,regular,excluded_for_not_completed,848,100.0
2019,regular,fbs_vs_fbs,848,100.0
2019,regular,fbs_vs_fcs,848,100.0
2019,regular,has_any_opening_spread,848,100.0
2019,regular,has_any_spread,848,100.0
2019,regular,has_lines_entry,848,100.0
2019,regular,has_open_and_close,848,100.0
2019,regular,has_pregame_elo_both,848,100.0
2019,regular,highlights,848,100.0
2019,regular,homeClassification,848,100.0
2019,regular,homeConference,848,100.0
2019,regular,homeId,848,100.0
2019,regular,homeLineScores,848,100.0
2019,regular,homePoints,848,100.0
2019,regular,homePostgameElo,848,86.67
2019,regular,homePostgameWinProbability,848,100.0
2019,regular,homePregameElo,848,86.67
2019,regular,homeTeam,848,100.0
2019,regular,home_class,848,100.0
2019,regular,home_class_unrecognized,848,100.0
2019,regular,home_ls_len,848,100.0
2019,regular,id,848,100.0
2019,regular,likely_ot,848,100.0
2019,regular,n_providers,848,100.0
2019,regular,neutralSite,848,100.0
2019,regular,notes,848,0.12
2019,regular,passes_exclusion_filter,848,100.0
2019,regular,season,848,100.0
2019,regular,seasonType,848,100.0
2019,regular,shortened_or_canceled,848,100.0
2019,regular,startDate,848,100.0
2019,regular,startTimeTBD,848,100.0
2019,regular,venue,848,100.0
2019,regular,venueId,848,100.0
2019,regular,week,848,100.0
2020,postseason,attendance,26,96.15
2020,postseason,awayClassification,26,100.0
2020,postseason,awayConference,26,100.0
2020,postseason,awayId,26,100.0
2020,postseason,awayLineScores,26,100.0
2020,postseason,awayPoints,26,100.0
2020,postseason,awayPostgameElo,26,100.0
2020,postseason,awayPostgameWinProbability,26,100.0
2020,postseason,awayPregameElo,26,100.0
2020,postseason,awayTeam,26,100.0
2020,postseason,away_class,26,100.0
2020,postseason,away_class_unrecognized,26,100.0
2020,postseason,away_ls_len,26,100.0
2020,postseason,classification_unrecognized,26,100.0
2020,postseason,completed,26,100.0
2020,postseason,conferenceGame,26,100.0
2020,postseason,excitementIndex,26,100.0
2020,postseason,excluded_for_canceled_or_shortened,26,100.0
2020,postseason,excluded_for_fcs_opponent,26,100.0
2020,postseason,excluded_for_no_spread,26,100.0
2020,postseason,excluded_for_not_completed,26,100.0
2020,postseason,fbs_vs_fbs,26,100.0
2020,postseason,fbs_vs_fcs,26,100.0
2020,postseason,has_any_opening_spread,26,100.0
2020,postseason,has_any_spread,26,100.0
2020,postseason,has_lines_entry,26,100.0
2020,postseason,has_open_and_close,26,100.0
2020,postseason,has_pregame_elo_both,26,100.0
2020,postseason,highlights,26,100.0
2020,postseason,homeClassification,26,100.0
2020,postseason,homeConference,26,100.0
2020,postseason,homeId,26,100.0
2020,postseason,homeLineScores,26,100.0
2020,postseason,homePoints,26,100.0
2020,postseason,homePostgameElo,26,100.0
2020,postseason,homePostgameWinProbability,26,100.0
2020,postseason,homePregameElo,26,100.0
2020,postseason,homeTeam,26,100.0
2020,postseason,home_class,26,100.0
2020,postseason,home_class_unrecognized,26,100.0
2020,postseason,home_ls_len,26,100.0
2020,postseason,id,26,100.0
2020,postseason,likely_ot,26,100.0
2020,postseason,n_providers,26,100.0
2020,postseason,neutralSite,26,100.0
2020,postseason,notes,26,100.0
2020,postseason,passes_exclusion_filter,26,100.0
2020,postseason,season,26,100.0
2020,postseason,seasonType,26,100.0
2020,postseason,shortened_or_canceled,26,100.0
2020,postseason,startDate,26,100.0
2020,postseason,startTimeTBD,26,100.0
2020,postseason,venue,26,100.0
2020,postseason,venueId,26,100.0
2020,postseason,week,26,100.0
2020,regular,attendance,542,96.49
2020,regular,awayClassification,542,100.0
2020,regular,awayConference,542,100.0
2020,regular,awayId,542,100.0
2020,regular,awayLineScores,542,100.0
2020,regular,awayPoints,542,100.0
2020,regular,awayPostgameElo,542,93.73
2020,regular,awayPostgameWinProbability,542,100.0
2020,regular,awayPregameElo,542,93.73
2020,regular,awayTeam,542,100.0
2020,regular,away_class,542,100.0
2020,regular,away_class_unrecognized,542,100.0
2020,regular,away_ls_len,542,100.0
2020,regular,classification_unrecognized,542,100.0
2020,regular,completed,542,100.0
2020,regular,conferenceGame,542,100.0
2020,regular,excitementIndex,542,100.0
2020,regular,excluded_for_canceled_or_shortened,542,100.0
2020,regular,excluded_for_fcs_opponent,542,100.0
2020,regular,excluded_for_no_spread,542,100.0
2020,regular,excluded_for_not_completed,542,100.0
2020,regular,fbs_vs_fbs,542,100.0
2020,regular,fbs_vs_fcs,542,100.0
2020,regular,has_any_opening_spread,542,100.0
2020,regular,has_any_spread,542,100.0
2020,regular,has_lines_entry,542,100.0
2020,regular,has_open_and_close,542,100.0
2020,regular,has_pregame_elo_both,542,100.0
2020,regular,highlights,542,100.0
2020,regular,homeClassification,542,100.0
2020,regular,homeConference,542,100.0
2020,regular,homeId,542,100.0
2020,regular,homeLineScores,542,100.0
2020,regular,homePoints,542,100.0
2020,regular,homePostgameElo,542,93.73
2020,regular,homePostgameWinProbability,542,100.0
2020,regular,homePregameElo,542,93.73
2020,regular,homeTeam,542,100.0
2020,regular,home_class,542,100.0
2020,regular,home_class_unrecognized,542,100.0
2020,regular,home_ls_len,542,100.0
2020,regular,id,542,100.0
2020,regular,likely_ot,542,100.0
2020,regular,n_providers,542,100.0
2020,regular,neutralSite,542,100.0
2020,regular,notes,542,0.0
2020,regular,passes_exclusion_filter,542,100.0
2020,regular,season,542,100.0
2020,regular,seasonType,542,100.0
2020,regular,shortened_or_canceled,542,100.0
2020,regular,startDate,542,100.0
2020,regular,startTimeTBD,542,100.0
2020,regular,venue,542,100.0
2020,regular,venueId,542,100.0
2020,regular,week,542,100.0
2021,postseason,attendance,38,100.0
2021,postseason,awayClassification,38,100.0
2021,postseason,awayConference,38,100.0
2021,postseason,awayId,38,100.0
2021,postseason,awayLineScores,38,100.0
2021,postseason,awayPoints,38,100.0
2021,postseason,awayPostgameElo,38,100.0
2021,postseason,awayPostgameWinProbability,38,100.0
2021,postseason,awayPregameElo,38,100.0
2021,postseason,awayTeam,38,100.0
2021,postseason,away_class,38,100.0
2021,postseason,away_class_unrecognized,38,100.0
2021,postseason,away_ls_len,38,100.0
2021,postseason,classification_unrecognized,38,100.0
2021,postseason,completed,38,100.0
2021,postseason,conferenceGame,38,100.0
2021,postseason,excitementIndex,38,100.0
2021,postseason,excluded_for_canceled_or_shortened,38,100.0
2021,postseason,excluded_for_fcs_opponent,38,100.0
2021,postseason,excluded_for_no_spread,38,100.0
2021,postseason,excluded_for_not_completed,38,100.0
2021,postseason,fbs_vs_fbs,38,100.0
2021,postseason,fbs_vs_fcs,38,100.0
2021,postseason,has_any_opening_spread,38,100.0
2021,postseason,has_any_spread,38,100.0
2021,postseason,has_lines_entry,38,100.0
2021,postseason,has_open_and_close,38,100.0
2021,postseason,has_pregame_elo_both,38,100.0
2021,postseason,highlights,38,100.0
2021,postseason,homeClassification,38,100.0
2021,postseason,homeConference,38,100.0
2021,postseason,homeId,38,100.0
2021,postseason,homeLineScores,38,100.0
2021,postseason,homePoints,38,100.0
2021,postseason,homePostgameElo,38,100.0
2021,postseason,homePostgameWinProbability,38,100.0
2021,postseason,homePregameElo,38,100.0
2021,postseason,homeTeam,38,100.0
2021,postseason,home_class,38,100.0
2021,postseason,home_class_unrecognized,38,100.0
2021,postseason,home_ls_len,38,100.0
2021,postseason,id,38,100.0
2021,postseason,likely_ot,38,100.0
2021,postseason,n_providers,38,100.0
2021,postseason,neutralSite,38,100.0
2021,postseason,notes,38,100.0
2021,postseason,passes_exclusion_filter,38,100.0
2021,postseason,season,38,100.0
2021,postseason,seasonType,38,100.0
2021,postseason,shortened_or_canceled,38,100.0
2021,postseason,startDate,38,100.0
2021,postseason,startTimeTBD,38,100.0
2021,postseason,venue,38,100.0
2021,postseason,venueId,38,100.0
2021,postseason,week,38,100.0
2021,regular,attendance,849,99.65
2021,regular,awayClassification,849,100.0
2021,regular,awayConference,849,100.0
2021,regular,awayId,849,100.0
2021,regular,awayLineScores,849,100.0
2021,regular,awayPoints,849,100.0
2021,regular,awayPostgameElo,849,86.22
2021,regular,awayPostgameWinProbability,849,99.65
2021,regular,awayPregameElo,849,87.16
2021,regular,awayTeam,849,100.0
2021,regular,away_class,849,100.0
2021,regular,away_class_unrecognized,849,100.0
2021,regular,away_ls_len,849,100.0
2021,regular,classification_unrecognized,849,100.0
2021,regular,completed,849,100.0
2021,regular,conferenceGame,849,100.0
2021,regular,excitementIndex,849,99.88
2021,regular,excluded_for_canceled_or_shortened,849,100.0
2021,regular,excluded_for_fcs_opponent,849,100.0
2021,regular,excluded_for_no_spread,849,100.0
2021,regular,excluded_for_not_completed,849,100.0
2021,regular,fbs_vs_fbs,849,100.0
2021,regular,fbs_vs_fcs,849,100.0
2021,regular,has_any_opening_spread,849,100.0
2021,regular,has_any_spread,849,100.0
2021,regular,has_lines_entry,849,100.0
2021,regular,has_open_and_close,849,100.0
2021,regular,has_pregame_elo_both,849,100.0
2021,regular,highlights,849,100.0
2021,regular,homeClassification,849,100.0
2021,regular,homeConference,849,100.0
2021,regular,homeId,849,100.0
2021,regular,homeLineScores,849,100.0
2021,regular,homePoints,849,100.0
2021,regular,homePostgameElo,849,86.22
2021,regular,homePostgameWinProbability,849,99.65
2021,regular,homePregameElo,849,87.51
2021,regular,homeTeam,849,100.0
2021,regular,home_class,849,100.0
2021,regular,home_class_unrecognized,849,100.0
2021,regular,home_ls_len,849,100.0
2021,regular,id,849,100.0
2021,regular,likely_ot,849,100.0
2021,regular,n_providers,849,100.0
2021,regular,neutralSite,849,100.0
2021,regular,notes,849,0.24
2021,regular,passes_exclusion_filter,849,100.0
2021,regular,season,849,100.0
2021,regular,seasonType,849,100.0
2021,regular,shortened_or_canceled,849,100.0
2021,regular,startDate,849,100.0
2021,regular,startTimeTBD,849,100.0
2021,regular,venue,849,100.0
2021,regular,venueId,849,100.0
2021,regular,week,849,100.0
2022,postseason,attendance,42,85.71
2022,postseason,awayClassification,42,100.0
2022,postseason,awayConference,42,100.0
2022,postseason,awayId,42,100.0
2022,postseason,awayLineScores,42,100.0
2022,postseason,awayPoints,42,100.0
2022,postseason,awayPostgameElo,42,100.0
2022,postseason,awayPostgameWinProbability,42,100.0
2022,postseason,awayPregameElo,42,100.0
2022,postseason,awayTeam,42,100.0
2022,postseason,away_class,42,100.0
2022,postseason,away_class_unrecognized,42,100.0
2022,postseason,away_ls_len,42,100.0
2022,postseason,classification_unrecognized,42,100.0
2022,postseason,completed,42,100.0
2022,postseason,conferenceGame,42,100.0
2022,postseason,excitementIndex,42,100.0
2022,postseason,excluded_for_canceled_or_shortened,42,100.0
2022,postseason,excluded_for_fcs_opponent,42,100.0
2022,postseason,excluded_for_no_spread,42,100.0
2022,postseason,excluded_for_not_completed,42,100.0
2022,postseason,fbs_vs_fbs,42,100.0
2022,postseason,fbs_vs_fcs,42,100.0
2022,postseason,has_any_opening_spread,42,100.0
2022,postseason,has_any_spread,42,100.0
2022,postseason,has_lines_entry,42,100.0
2022,postseason,has_open_and_close,42,100.0
2022,postseason,has_pregame_elo_both,42,100.0
2022,postseason,highlights,42,100.0
2022,postseason,homeClassification,42,100.0
2022,postseason,homeConference,42,100.0
2022,postseason,homeId,42,100.0
2022,postseason,homeLineScores,42,100.0
2022,postseason,homePoints,42,100.0
2022,postseason,homePostgameElo,42,100.0
2022,postseason,homePostgameWinProbability,42,100.0
2022,postseason,homePregameElo,42,100.0
2022,postseason,homeTeam,42,100.0
2022,postseason,home_class,42,100.0
2022,postseason,home_class_unrecognized,42,100.0
2022,postseason,home_ls_len,42,100.0
2022,postseason,id,42,100.0
2022,postseason,likely_ot,42,100.0
2022,postseason,n_providers,42,100.0
2022,postseason,neutralSite,42,100.0
2022,postseason,notes,42,100.0
2022,postseason,passes_exclusion_filter,42,100.0
2022,postseason,season,42,100.0
2022,postseason,seasonType,42,100.0
2022,postseason,shortened_or_canceled,42,100.0
2022,postseason,startDate,42,100.0
2022,postseason,startTimeTBD,42,100.0
2022,postseason,venue,42,100.0
2022,postseason,venueId,42,100.0
2022,postseason,week,42,100.0
2022,regular,attendance,854,96.6
2022,regular,awayClassification,854,100.0
2022,regular,awayConference,854,100.0
2022,regular,awayId,854,100.0
2022,regular,awayLineScores,854,100.0
2022,regular,awayPoints,854,100.0
2022,regular,awayPostgameElo,854,85.95
2022,regular,awayPostgameWinProbability,854,100.0
2022,regular,awayPregameElo,854,85.95
2022,regular,awayTeam,854,100.0
2022,regular,away_class,854,100.0
2022,regular,away_class_unrecognized,854,100.0
2022,regular,away_ls_len,854,100.0
2022,regular,classification_unrecognized,854,100.0
2022,regular,completed,854,100.0
2022,regular,conferenceGame,854,100.0
2022,regular,excitementIndex,854,100.0
2022,regular,excluded_for_canceled_or_shortened,854,100.0
2022,regular,excluded_for_fcs_opponent,854,100.0
2022,regular,excluded_for_no_spread,854,100.0
2022,regular,excluded_for_not_completed,854,100.0
2022,regular,fbs_vs_fbs,854,100.0
2022,regular,fbs_vs_fcs,854,100.0
2022,regular,has_any_opening_spread,854,100.0
2022,regular,has_any_spread,854,100.0
2022,regular,has_lines_entry,854,100.0
2022,regular,has_open_and_close,854,100.0
2022,regular,has_pregame_elo_both,854,100.0
2022,regular,highlights,854,100.0
2022,regular,homeClassification,854,100.0
2022,regular,homeConference,854,100.0
2022,regular,homeId,854,100.0
2022,regular,homeLineScores,854,100.0
2022,regular,homePoints,854,100.0
2022,regular,homePostgameElo,854,99.77
2022,regular,homePostgameWinProbability,854,100.0
2022,regular,homePregameElo,854,99.77
2022,regular,homeTeam,854,100.0
2022,regular,home_class,854,100.0
2022,regular,home_class_unrecognized,854,100.0
2022,regular,home_ls_len,854,100.0
2022,regular,id,854,100.0
2022,regular,likely_ot,854,100.0
2022,regular,n_providers,854,100.0
2022,regular,neutralSite,854,100.0
2022,regular,notes,854,1.99
2022,regular,passes_exclusion_filter,854,100.0
2022,regular,season,854,100.0
2022,regular,seasonType,854,100.0
2022,regular,shortened_or_canceled,854,100.0
2022,regular,startDate,854,100.0
2022,regular,startTimeTBD,854,100.0
2022,regular,venue,854,100.0
2022,regular,venueId,854,100.0
2022,regular,week,854,100.0
2023,postseason,attendance,42,100.0
2023,postseason,awayClassification,42,100.0
2023,postseason,awayConference,42,100.0
2023,postseason,awayId,42,100.0
2023,postseason,awayLineScores,42,100.0
2023,postseason,awayPoints,42,100.0
2023,postseason,awayPostgameElo,42,100.0
2023,postseason,awayPostgameWinProbability,42,100.0
2023,postseason,awayPregameElo,42,100.0
2023,postseason,awayTeam,42,100.0
2023,postseason,away_class,42,100.0
2023,postseason,away_class_unrecognized,42,100.0
2023,postseason,away_ls_len,42,100.0
2023,postseason,classification_unrecognized,42,100.0
2023,postseason,completed,42,100.0
2023,postseason,conferenceGame,42,100.0
2023,postseason,excitementIndex,42,100.0
2023,postseason,excluded_for_canceled_or_shortened,42,100.0
2023,postseason,excluded_for_fcs_opponent,42,100.0
2023,postseason,excluded_for_no_spread,42,100.0
2023,postseason,excluded_for_not_completed,42,100.0
2023,postseason,fbs_vs_fbs,42,100.0
2023,postseason,fbs_vs_fcs,42,100.0
2023,postseason,has_any_opening_spread,42,100.0
2023,postseason,has_any_spread,42,100.0
2023,postseason,has_lines_entry,42,100.0
2023,postseason,has_open_and_close,42,100.0
2023,postseason,has_pregame_elo_both,42,100.0
2023,postseason,highlights,42,100.0
2023,postseason,homeClassification,42,100.0
2023,postseason,homeConference,42,100.0
2023,postseason,homeId,42,100.0
2023,postseason,homeLineScores,42,100.0
2023,postseason,homePoints,42,100.0
2023,postseason,homePostgameElo,42,100.0
2023,postseason,homePostgameWinProbability,42,100.0
2023,postseason,homePregameElo,42,100.0
2023,postseason,homeTeam,42,100.0
2023,postseason,home_class,42,100.0
2023,postseason,home_class_unrecognized,42,100.0
2023,postseason,home_ls_len,42,100.0
2023,postseason,id,42,100.0
2023,postseason,likely_ot,42,100.0
2023,postseason,n_providers,42,100.0
2023,postseason,neutralSite,42,100.0
2023,postseason,notes,42,100.0
2023,postseason,passes_exclusion_filter,42,100.0
2023,postseason,season,42,100.0
2023,postseason,seasonType,42,100.0
2023,postseason,shortened_or_canceled,42,100.0
2023,postseason,startDate,42,100.0
2023,postseason,startTimeTBD,42,100.0
2023,postseason,venue,42,100.0
2023,postseason,venueId,42,100.0
2023,postseason,week,42,100.0
2023,regular,attendance,868,98.04
2023,regular,awayClassification,868,100.0
2023,regular,awayConference,868,100.0
2023,regular,awayId,868,100.0
2023,regular,awayLineScores,868,100.0
2023,regular,awayPoints,868,100.0
2023,regular,awayPostgameElo,868,86.41
2023,regular,awayPostgameWinProbability,868,100.0
2023,regular,awayPregameElo,868,86.41
2023,regular,awayTeam,868,100.0
2023,regular,away_class,868,100.0
2023,regular,away_class_unrecognized,868,100.0
2023,regular,away_ls_len,868,100.0
2023,regular,classification_unrecognized,868,100.0
2023,regular,completed,868,100.0
2023,regular,conferenceGame,868,100.0
2023,regular,excitementIndex,868,100.0
2023,regular,excluded_for_canceled_or_shortened,868,100.0
2023,regular,excluded_for_fcs_opponent,868,100.0
2023,regular,excluded_for_no_spread,868,100.0
2023,regular,excluded_for_not_completed,868,100.0
2023,regular,fbs_vs_fbs,868,100.0
2023,regular,fbs_vs_fcs,868,100.0
2023,regular,has_any_opening_spread,868,100.0
2023,regular,has_any_spread,868,100.0
2023,regular,has_lines_entry,868,100.0
2023,regular,has_open_and_close,868,100.0
2023,regular,has_pregame_elo_both,868,100.0
2023,regular,highlights,868,100.0
2023,regular,homeClassification,868,100.0
2023,regular,homeConference,868,100.0
2023,regular,homeId,868,100.0
2023,regular,homeLineScores,868,100.0
2023,regular,homePoints,868,100.0
2023,regular,homePostgameElo,868,100.0
2023,regular,homePostgameWinProbability,868,100.0
2023,regular,homePregameElo,868,100.0
2023,regular,homeTeam,868,100.0
2023,regular,home_class,868,100.0
2023,regular,home_class_unrecognized,868,100.0
2023,regular,home_ls_len,868,100.0
2023,regular,id,868,100.0
2023,regular,likely_ot,868,100.0
2023,regular,n_providers,868,100.0
2023,regular,neutralSite,868,100.0
2023,regular,notes,868,1.61
2023,regular,passes_exclusion_filter,868,100.0
2023,regular,season,868,100.0
2023,regular,seasonType,868,100.0
2023,regular,shortened_or_canceled,868,100.0
2023,regular,startDate,868,100.0
2023,regular,startTimeTBD,868,100.0
2023,regular,venue,868,100.0
2023,regular,venueId,868,100.0
2023,regular,week,868,100.0
2024,postseason,attendance,46,100.0
2024,postseason,awayClassification,46,100.0
2024,postseason,awayConference,46,100.0
2024,postseason,awayId,46,100.0
2024,postseason,awayLineScores,46,100.0
2024,postseason,awayPoints,46,100.0
2024,postseason,awayPostgameElo,46,100.0
2024,postseason,awayPostgameWinProbability,46,100.0
2024,postseason,awayPregameElo,46,100.0
2024,postseason,awayTeam,46,100.0
2024,postseason,away_class,46,100.0
2024,postseason,away_class_unrecognized,46,100.0
2024,postseason,away_ls_len,46,100.0
2024,postseason,classification_unrecognized,46,100.0
2024,postseason,completed,46,100.0
2024,postseason,conferenceGame,46,100.0
2024,postseason,excitementIndex,46,100.0
2024,postseason,excluded_for_canceled_or_shortened,46,100.0
2024,postseason,excluded_for_fcs_opponent,46,100.0
2024,postseason,excluded_for_no_spread,46,100.0
2024,postseason,excluded_for_not_completed,46,100.0
2024,postseason,fbs_vs_fbs,46,100.0
2024,postseason,fbs_vs_fcs,46,100.0
2024,postseason,has_any_opening_spread,46,100.0
2024,postseason,has_any_spread,46,100.0
2024,postseason,has_lines_entry,46,100.0
2024,postseason,has_open_and_close,46,100.0
2024,postseason,has_pregame_elo_both,46,100.0
2024,postseason,highlights,46,100.0
2024,postseason,homeClassification,46,100.0
2024,postseason,homeConference,46,100.0
2024,postseason,homeId,46,100.0
2024,postseason,homeLineScores,46,100.0
2024,postseason,homePoints,46,100.0
2024,postseason,homePostgameElo,46,100.0
2024,postseason,homePostgameWinProbability,46,100.0
2024,postseason,homePregameElo,46,100.0
2024,postseason,homeTeam,46,100.0
2024,postseason,home_class,46,100.0
2024,postseason,home_class_unrecognized,46,100.0
2024,postseason,home_ls_len,46,100.0
2024,postseason,id,46,100.0
2024,postseason,likely_ot,46,100.0
2024,postseason,n_providers,46,100.0
2024,postseason,neutralSite,46,100.0
2024,postseason,notes,46,100.0
2024,postseason,passes_exclusion_filter,46,100.0
2024,postseason,season,46,100.0
2024,postseason,seasonType,46,100.0
2024,postseason,shortened_or_canceled,46,100.0
2024,postseason,startDate,46,100.0
2024,postseason,startTimeTBD,46,100.0
2024,postseason,venue,46,100.0
2024,postseason,venueId,46,100.0
2024,postseason,week,46,100.0
2024,regular,attendance,874,97.71
2024,regular,awayClassification,874,100.0
2024,regular,awayConference,874,100.0
2024,regular,awayId,874,100.0
2024,regular,awayLineScores,874,99.89
2024,regular,awayPoints,874,99.89
2024,regular,awayPostgameElo,874,86.04
2024,regular,awayPostgameWinProbability,874,99.66
2024,regular,awayPregameElo,874,86.16
2024,regular,awayTeam,874,100.0
2024,regular,away_class,874,100.0
2024,regular,away_class_unrecognized,874,100.0
2024,regular,away_ls_len,874,99.89
2024,regular,classification_unrecognized,874,100.0
2024,regular,completed,874,100.0
2024,regular,conferenceGame,874,100.0
2024,regular,excitementIndex,874,99.66
2024,regular,excluded_for_canceled_or_shortened,874,100.0
2024,regular,excluded_for_fcs_opponent,874,100.0
2024,regular,excluded_for_no_spread,874,100.0
2024,regular,excluded_for_not_completed,874,100.0
2024,regular,fbs_vs_fbs,874,100.0
2024,regular,fbs_vs_fcs,874,100.0
2024,regular,has_any_opening_spread,874,100.0
2024,regular,has_any_spread,874,100.0
2024,regular,has_lines_entry,874,100.0
2024,regular,has_open_and_close,874,100.0
2024,regular,has_pregame_elo_both,874,100.0
2024,regular,highlights,874,100.0
2024,regular,homeClassification,874,100.0
2024,regular,homeConference,874,100.0
2024,regular,homeId,874,100.0
2024,regular,homeLineScores,874,99.89
2024,regular,homePoints,874,99.89
2024,regular,homePostgameElo,874,99.89
2024,regular,homePostgameWinProbability,874,99.66
2024,regular,homePregameElo,874,100.0
2024,regular,homeTeam,874,100.0
2024,regular,home_class,874,100.0
2024,regular,home_class_unrecognized,874,100.0
2024,regular,home_ls_len,874,99.89
2024,regular,id,874,100.0
2024,regular,likely_ot,874,100.0
2024,regular,n_providers,874,100.0
2024,regular,neutralSite,874,100.0
2024,regular,notes,874,1.6
2024,regular,passes_exclusion_filter,874,100.0
2024,regular,season,874,100.0
2024,regular,seasonType,874,100.0
2024,regular,shortened_or_canceled,874,100.0
2024,regular,startDate,874,100.0
2024,regular,startTimeTBD,874,100.0
2024,regular,venue,874,100.0
2024,regular,venueId,874,100.0
2024,regular,week,874,100.0
